condition_id,family,strict_accuracy,valid_only_accuracy,balanced_accuracy,accuracy_minus_always_no,always_no_accuracy,always_yes_accuracy,assigned_tags_in_judge_prompt,balanced_accuracy_minus_chance,beats_always_no_strictly,binary_correct,binary_evaluable,binary_evaluable_coverage,binary_incorrect,completion_rate,completion_status,debater_model,direct_parse_accuracy,direct_parse_count,display_name,duplicate_exact_key_count,eligible_for_primary_ranking,expected_records,f1_yes,fallback_accuracy,fallback_count,fallback_rate_among_known,false_negative_rate,false_positive_rate,fn,fp,generation,invalid_prediction_count,invalid_prediction_rate,is_complete,judge_input_scope,judge_model,majority_class_accuracy,majority_class_label,manual_in_judge_prompt,metric_status,missing_prediction_count,missing_prediction_rate,missing_records,negative_predictive_value,no_prediction_rate,no_rate_among_valid_predictions,precision_yes,prediction_no,prediction_unknown,prediction_yes,sensitivity,source_files,specificity,stage_record_counts.Round 1: True Tag,stage_record_counts.Round 2: Unrelated Tag,stage_record_counts.Round 3: Similar Tag,strict_accuracy_confidence_interval_95,strict_false_negative_or_unresolved_rate,strict_false_positive_or_unresolved_rate,strict_sensitivity,strict_specificity,tn,total,tp,truth_no,truth_yes,unique_exact_key_count,unique_stage_pmid_count,unknown_handling,unknown_prediction_count,unknown_prediction_rate,unresolved_prediction,unresolved_truth_no,unresolved_truth_yes,unresolved_with_valid_truth,valid_binary_evaluable_count,valid_only_accuracy_confidence_interval_95,valid_only_balanced_accuracy,valid_prediction_count,valid_prediction_coverage,variant,yes_prediction_rate,yes_rate_among_valid_predictions
asymmetric_titleonly.baseline,baseline,0.775,0.775,0.73125,0.10833333333333339,0.6666666666666666,0.3333333333333333,True,0.23124999999999996,True,2325,3000,1.0,675,1.0,complete,,,0,Title-only asymmetric — baseline,0,True,3000,0.64,,0,,0.4,0.1375,400,275,asymmetric_titleonly,0,0.0,True,title_only,./Qwen3.5-0.8B,0.6666666666666666,No,,computed,0,0.0,0,0.8117647058823529,0.7083333333333334,0.7083333333333334,0.6857142857142857,2125,,875,0.6,"[""asymmetric_titleonly_baseline_full.json""]",0.8625,1000,1000,1000,"[0.7597110167209663, 0.7895856164801044]",0.4,0.13749999999999996,0.6,0.8625,1725,3000,600,2000,1000,3000,3000,Strict accuracy and balanced accuracy count unresolved predictions as failures; valid-only metrics exclude them.,0,0.0,0,,,,3000,"[0.7597110167209663, 0.7895856164801044]",0.73125,3000,1.0,,0.2916666666666667,0.2916666666666667
asymmetric_titleonly.interactive.ABA,interactive,0.7236666666666667,0.7236666666666667,0.68275,0.05700000000000005,0.6666666666666666,0.3333333333333333,,0.18274999999999997,True,2171,3000,1.0,829,1.0,complete,./Qwen3.5-2B,,0,Title-only asymmetric — interactive ABA,0,True,3000,0.5746536685479734,,0,,0.44,0.1945,440,389,asymmetric_titleonly,0,0.0,True,title_only,./Qwen3.5-0.8B,0.6666666666666666,No,,computed,0,0.0,0,0.7854705021940517,0.6836666666666666,0.6836666666666666,0.5900948366701791,2051,,949,0.56,"[""asymmetric_titleonly_interactive_aba_full.json""]",0.8055,1000,1000,1000,"[0.7073863407028345, 0.7393749209673697]",0.43999999999999995,0.1945,0.56,0.8055,1611,3000,560,2000,1000,3000,3000,Strict accuracy and balanced accuracy count unresolved predictions as failures; valid-only metrics exclude them.,0,0.0,0,,,,3000,"[0.7073863407028345, 0.7393749209673697]",0.68275,3000,1.0,ABA,0.31633333333333336,0.31633333333333336
asymmetric_titleonly.statement,statement,0.7663333333333333,0.7663333333333333,0.72475,0.09966666666666668,0.6666666666666666,0.3333333333333333,,0.22475,True,2299,3000,1.0,701,1.0,complete,./Qwen3.5-2B,,0,Title-only asymmetric — statements,0,True,3000,0.631246712256707,,0,,0.4,0.1505,400,301,asymmetric_titleonly,0,0.0,True,title_only,./Qwen3.5-0.8B,0.6666666666666666,No,,computed,0,0.0,0,0.8094330633635064,0.6996666666666667,0.6996666666666667,0.6659267480577137,2099,,901,0.6,"[""asymmetric_titleonly_statement_full.json""]",0.8495,1000,1000,1000,"[0.7508561866321227, 0.7811292799468535]",0.4,0.15049999999999997,0.6,0.8495,1699,3000,600,2000,1000,3000,3000,Strict accuracy and balanced accuracy count unresolved predictions as failures; valid-only metrics exclude them.,0,0.0,0,,,,3000,"[0.7508561866321227, 0.7811292799468535]",0.72475,3000,1.0,independent_statements,0.30033333333333334,0.30033333333333334
baseline.legacy_0.8B,baseline,0.3986543313708999,0.6742532005689901,0.5952989417989418,0.23969722455845247,0.15895710681244743,0.8410428931875525,True,0.09529894179894183,True,474,703,0.5912531539108494,229,0.3963333333333333,partial_or_invalid,,,0,Baseline 0.8B — legacy,0,False,3000,0.7283511269276394,,0,,0.42401500938086306,0.01764705882352941,226,3,legacy,0,0.0,False,standard_experiment_input,./Qwen3.5-0.8B,0.8410428931875525,Yes,True,computed,0,0.0,1811,0.42493638676844786,0.33052985702270815,0.5590327169274538,0.9903225806451613,393,486,310,0.575984990619137,"[""baseline_results_merged.json""]",0.9823529411764705,1000,189,,"[0.3711933645287102, 0.4267680508648617]",0.6930000000000001,0.1164021164021164,0.307,0.8835978835978836,167,1189,307,189,1000,1189,1189,Strict accuracy and balanced accuracy count unresolved predictions as failures; valid-only metrics exclude them.,486,0.4087468460891506,486,19,467,486,703,"[0.6387439594969937, 0.7078684200439036]",0.7791689658978038,703,0.5912531539108494,,0.2607232968881413,0.44096728307254623
baseline.older_pydantic_0.8B,baseline,0.8013333333333333,0.8013333333333333,0.784,0.1346666666666667,0.6666666666666666,0.3333333333333333,True,0.28400000000000003,True,2404,3000,1.0,596,1.0,complete,,,0,Baseline 0.8B — older Pydantic,0,True,3000,0.7106796116504854,,0,,0.268,0.164,268,328,older_pydantic,0,0.0,True,standard_experiment_input,./Qwen3.5-0.8B,0.6666666666666666,No,True,computed,0,0.0,0,0.8618556701030928,0.6466666666666666,0.6466666666666666,0.690566037735849,1940,,1060,0.732,"[""pydantic_baseline_results_full.json""]",0.836,1000,1000,1000,"[0.7866742583809959, 0.8152216887872076]",0.268,0.16400000000000003,0.732,0.836,1672,3000,732,2000,1000,3000,3000,Strict accuracy and balanced accuracy count unresolved predictions as failures; valid-only metrics exclude them.,0,0.0,0,,,,3000,"[0.7866742583809959, 0.8152216887872076]",0.784,3000,1.0,,0.35333333333333333,0.35333333333333333
baseline.robust_0.8B.no_manual,baseline,0.8333333333333334,0.8333333333333334,0.81725,0.16666666666666674,0.6666666666666666,0.3333333333333333,True,0.31725000000000003,True,2500,3000,1.0,500,1.0,complete,,0.8333333333333334,3000,Baseline 0.8B — no manual,0,True,3000,0.7546614327772326,,0,0.0,0.231,0.1345,231,269,robust_0.8B,0,0.0,True,standard_experiment_input,./Qwen3.5-0.8B,0.6666666666666666,No,False,computed,0,0.0,0,0.882262996941896,0.654,0.654,0.7408477842003853,1962,,1038,0.769,"[""baseline_nomanual_results_full.json""]",0.8655,1000,1000,1000,"[0.8195728989469936, 0.8462412019027893]",0.23099999999999998,0.13449999999999995,0.769,0.8655,1731,3000,769,2000,1000,3000,3000,Strict accuracy and balanced accuracy count unresolved predictions as failures; valid-only metrics exclude them.,0,0.0,0,,,,3000,"[0.8195728989469936, 0.8462412019027893]",0.81725,3000,1.0,,0.346,0.346
baseline.robust_0.8B.with_manual,baseline,0.8016666666666666,0.8016666666666666,0.76275,0.135,0.6666666666666666,0.3333333333333333,True,0.26275000000000004,True,2405,3000,1.0,595,1.0,complete,,0.8016666666666666,3000,Baseline 0.8B — with manual,0,True,3000,0.6846846846846847,,0,0.0,0.354,0.1205,354,241,robust_0.8B,0,0.0,True,standard_experiment_input,./Qwen3.5-0.8B,0.6666666666666666,No,True,computed,0,0.0,0,0.8324656885944155,0.7043333333333334,0.7043333333333334,0.7282976324689966,2113,,887,0.646,"[""baseline_withmanual_results_full.json""]",0.8795,1000,1000,1000,"[0.7870161610147145, 0.8155456002543388]",0.354,0.12050000000000005,0.646,0.8795,1759,3000,646,2000,1000,3000,3000,Strict accuracy and balanced accuracy count unresolved predictions as failures; valid-only metrics exclude them.,0,0.0,0,,,,3000,"[0.7870161610147145, 0.8155456002543388]",0.76275,3000,1.0,,0.2956666666666667,0.2956666666666667
baseline.robust_2B.no_manual,baseline,0.8693333333333333,0.8693333333333333,0.86125,0.20266666666666666,0.6666666666666666,0.3333333333333333,False,0.36124999999999996,True,2608,3000,1.0,392,1.0,complete,,0.8693333333333333,3000,Baseline 2B — no manual,0,True,3000,0.8102613746369797,,0,0.0,0.163,0.1145,163,229,rejudge_2B,0,0.0,True,standard_experiment_input,Qwen3.5-2B,0.6666666666666666,No,False,computed,0,0.0,0,0.9157187176835574,0.6446666666666667,0.6446666666666667,0.7851782363977486,1934,,1066,0.837,"[""baseline_nomanual_results_rejudge2B_full.json""]",0.8855,1000,1000,1000,"[0.8567990382045159, 0.8809229855370433]",0.16300000000000003,0.11450000000000005,0.837,0.8855,1771,3000,837,2000,1000,3000,3000,Strict accuracy and balanced accuracy count unresolved predictions as failures; valid-only metrics exclude them.,0,0.0,0,,,,3000,"[0.8567990382045159, 0.8809229855370433]",0.86125,3000,1.0,,0.35533333333333333,0.35533333333333333
baseline.robust_2B.with_manual,baseline,0.85,0.85,0.83275,0.18333333333333335,0.6666666666666666,0.3333333333333333,False,0.33275,True,2550,3000,1.0,450,1.0,complete,,0.85,3000,Baseline 2B — with manual,0,True,3000,0.7763419483101391,,0,0.0,0.219,0.1155,219,231,rejudge_2B,0,0.0,True,standard_experiment_input,Qwen3.5-2B,0.6666666666666666,No,True,computed,0,0.0,0,0.8898390342052314,0.6626666666666666,0.6626666666666666,0.7717391304347826,1988,,1012,0.781,"[""baseline_withmanual_results_rejudge2B_full.json""]",0.8845,1000,1000,1000,"[0.8367753314662666, 0.8623294744260052]",0.21899999999999997,0.11550000000000005,0.781,0.8845,1769,3000,781,2000,1000,3000,3000,Strict accuracy and balanced accuracy count unresolved predictions as failures; valid-only metrics exclude them.,0,0.0,0,,,,3000,"[0.8367753314662666, 0.8623294744260052]",0.83275,3000,1.0,,0.3373333333333333,0.3373333333333333
baseline.robust_4B.no_manual,baseline,0.8033333333333333,0.8033333333333333,0.83925,0.13666666666666671,0.6666666666666666,0.3333333333333333,True,0.33925000000000005,True,2410,3000,1.0,590,1.0,complete,,0.9615384615384616,1898,Baseline 4B — no manual,0,True,3000,0.7624798711755234,0.530852994555354,1102,0.36733333333333335,0.053,0.2685,53,537,rejudge_4B,0,0.0,True,standard_experiment_input,Qwen3.5-4B,0.6666666666666666,No,False,computed,0,0.0,0,0.9650395778364116,0.5053333333333333,0.5053333333333333,0.6381401617250674,1516,,1484,0.947,"[""baseline_nomanual_results_rejudge4B_full.json""]",0.7315,1000,1000,1000,"[0.788725909245538, 0.8171649225277643]",0.05300000000000005,0.26849999999999996,0.947,0.7315,1463,3000,947,2000,1000,3000,3000,Strict accuracy and balanced accuracy count unresolved predictions as failures; valid-only metrics exclude them.,0,0.0,0,,,,3000,"[0.788725909245538, 0.8171649225277643]",0.83925,3000,1.0,,0.49466666666666664,0.49466666666666664
baseline.robust_4B.with_manual,baseline,0.5466666666666666,0.5466666666666666,0.65875,-0.12,0.6666666666666666,0.3333333333333333,True,0.15874999999999995,False,1640,3000,1.0,1360,1.0,complete,,0.9827856025039123,639,Baseline 4B — with manual,0,True,3000,0.5940298507462687,0.4286319356204998,2361,0.787,0.005,0.6775,5,1355,rejudge_4B,0,0.0,True,standard_experiment_input,Qwen3.5-4B,0.6666666666666666,No,True,computed,0,0.0,0,0.9923076923076923,0.21666666666666667,0.21666666666666667,0.42340425531914894,650,,2350,0.995,"[""baseline_withmanual_results_rejudge4B_full.json""]",0.3225,1000,1000,1000,"[0.5288044396391898, 0.5644095344797797]",0.0050000000000000044,0.6775,0.995,0.3225,645,3000,995,2000,1000,3000,3000,Strict accuracy and balanced accuracy count unresolved predictions as failures; valid-only metrics exclude them.,0,0.0,0,,,,3000,"[0.5288044396391898, 0.5644095344797797]",0.65875,3000,1.0,,0.7833333333333333,0.7833333333333333
interactive.legacy_0.8B.ABA,interactive,0.10728910728910729,0.5695652173913044,0.16595927601809957,-0.07371007371007371,0.180999180999181,0.819000819000819,True,-0.33404072398190043,False,131,230,0.18837018837018837,99,0.407,partial_or_invalid,./Qwen3.5-2B,,0,Interactive ABA — legacy,0,False,3000,0.5991902834008097,,0,,0.5033557046979866,0.2962962962962963,75,24,legacy,0,0.0,False,standard_experiment_input,./Qwen3.5-0.8B,0.819000819000819,Yes,True,computed,0,0.0,1779,0.4318181818181818,0.10810810810810811,0.5739130434782609,0.7551020408163265,132,991,98,0.4966442953020134,"[""interactive_results_merged.json""]",0.7037037037037037,1000,221,,"[0.09114534605083664, 0.12589617953293356]",0.926,0.7420814479638009,0.074,0.2579185520361991,57,1221,74,221,1000,1221,1221,Strict accuracy and balanced accuracy count unresolved predictions as failures; valid-only metrics exclude them.,991,0.8116298116298116,991,140,851,991,230,"[0.5049502854458425, 0.6318945673077365]",0.6001739995028585,230,0.18837018837018837,ABA,0.08026208026208026,0.4260869565217391
interactive.rejudge_2B.ABA,interactive,0.7516666666666667,0.7516666666666667,0.72975,0.08500000000000008,0.6666666666666666,0.3333333333333333,False,0.22975,True,2255,3000,1.0,745,1.0,complete,Qwen3.5-2B,0.7516666666666667,3000,Interactive ABA — rejudged by 2B,0,True,3000,0.6406174626145682,,0,0.0,0.336,0.2045,336,409,rejudge_2B,0,0.0,True,standard_experiment_input,Qwen3.5-2B,0.6666666666666666,No,False,computed,0,0.0,0,0.8256357031655422,0.6423333333333333,0.6423333333333333,0.6188257222739981,1927,,1073,0.664,"[""interactive_results_full_rejudge2B.json""]",0.7955,1000,1000,1000,"[0.7358910707863104, 0.7667985753552755]",0.33599999999999997,0.20450000000000002,0.664,0.7955,1591,3000,664,2000,1000,3000,3000,Strict accuracy and balanced accuracy count unresolved predictions as failures; valid-only metrics exclude them.,0,0.0,0,,,,3000,"[0.7358910707863104, 0.7667985753552755]",0.72975,3000,1.0,ABA,0.3576666666666667,0.3576666666666667
interactive.rejudge_2B.BAB,interactive,0.741,0.741,0.73875,0.07433333333333336,0.6666666666666666,0.3333333333333333,False,0.23875000000000002,True,2223,3000,1.0,777,1.0,complete,Qwen3.5-2B,0.741,3000,Interactive BAB — rejudged by 2B,0,True,3000,0.6532797858099063,,0,0.0,0.268,0.2545,268,509,rejudge_2B,0,0.0,True,standard_experiment_input,Qwen3.5-2B,0.6666666666666666,No,False,computed,0,0.0,0,0.8476407049459921,0.5863333333333334,0.5863333333333334,0.5898468976631749,1759,,1241,0.732,"[""interactive_results_full_rejudge2B.json""]",0.7455,1000,1000,1000,"[0.725022389130038, 0.756361205784355]",0.268,0.25449999999999995,0.732,0.7455,1491,3000,732,2000,1000,3000,3000,Strict accuracy and balanced accuracy count unresolved predictions as failures; valid-only metrics exclude them.,0,0.0,0,,,,3000,"[0.725022389130038, 0.756361205784355]",0.73875,3000,1.0,BAB,0.4136666666666667,0.4136666666666667
interactive.robust_0.8B.ABA,interactive,0.5536666666666666,0.5536666666666666,0.6085,-0.11299999999999999,0.6666666666666666,0.3333333333333333,False,0.10850000000000004,False,1661,3000,1.0,1339,1.0,complete,./Qwen3.5-2B,0.75,792,Interactive ABA — 0.8B judge,0,True,3000,0.5358752166377816,0.4832427536231884,2208,0.736,0.227,0.556,227,1112,robust_0.8B,0,0.0,True,standard_experiment_input,./Qwen3.5-0.8B,0.6666666666666666,No,False,computed,0,0.0,0,0.7964125560538117,0.37166666666666665,0.37166666666666665,0.41007957559681696,1115,,1885,0.773,"[""interactive_results_full.json""]",0.444,1000,1000,1000,"[0.5358206994013304, 0.5713753708354845]",0.22699999999999998,0.556,0.773,0.444,888,3000,773,2000,1000,3000,3000,Strict accuracy and balanced accuracy count unresolved predictions as failures; valid-only metrics exclude them.,0,0.0,0,,,,3000,"[0.5358206994013304, 0.5713753708354845]",0.6085,3000,1.0,ABA,0.6283333333333333,0.6283333333333333
interactive.robust_0.8B.BAB,interactive,0.5433333333333333,0.5433333333333333,0.60275,-0.1233333333333333,0.6666666666666666,0.3333333333333333,False,0.10275000000000001,False,1630,3000,1.0,1370,1.0,complete,./Qwen3.5-2B,0.7427466150870407,1034,Interactive BAB — 0.8B judge,0,True,3000,0.5327421555252387,0.43845371312309256,1966,0.6553333333333333,0.219,0.5755,219,1151,robust_0.8B,0,0.0,True,standard_experiment_input,./Qwen3.5-0.8B,0.6666666666666666,No,False,computed,0,0.0,0,0.7949438202247191,0.356,0.356,0.40424430641821946,1068,,1932,0.781,"[""interactive_results_full.json""]",0.4245,1000,1000,1000,"[0.5254646108925233, 0.5610912222179484]",0.21899999999999997,0.5755,0.781,0.4245,849,3000,781,2000,1000,3000,3000,Strict accuracy and balanced accuracy count unresolved predictions as failures; valid-only metrics exclude them.,0,0.0,0,,,,3000,"[0.5254646108925233, 0.5610912222179484]",0.60275,3000,1.0,BAB,0.644,0.644
interactive.robust_0.8B.BAB_swapped_labels,interactive,0.546,0.546,0.60875,-0.12066666666666659,0.6666666666666666,0.3333333333333333,False,0.10875000000000001,False,1638,3000,1.0,1362,1.0,complete,./Qwen3.5-0.8B,0.7514851485148515,1010,Interactive BAB — displayed labels swapped,0,True,3000,0.5392422192151556,0.44170854271356785,1990,0.6633333333333333,0.203,0.5795,203,1159,swapped_labels,0,0.0,True,standard_experiment_input,./Qwen3.5-0.8B,0.6666666666666666,No,False,computed,0,0.0,0,0.8055555555555556,0.348,0.348,0.4074642126789366,1044,,1956,0.797,"[""interactive_results_BAB_swapped_labels_full.json""]",0.4205,1000,1000,1000,"[0.5281364096058271, 0.5637459363114431]",0.20299999999999996,0.5795,0.797,0.4205,841,3000,797,2000,1000,3000,3000,Strict accuracy and balanced accuracy count unresolved predictions as failures; valid-only metrics exclude them.,0,0.0,0,,,,3000,"[0.5281364096058271, 0.5637459363114431]",0.60875,3000,1.0,BAB_swapped_labels,0.652,0.652
statement.legacy_0.8B,statement,0.1108843537414966,0.6626016260162602,0.14690425531914894,-0.208843537414966,0.3197278911564626,0.6802721088435374,True,-0.35309574468085103,False,163,246,0.1673469387755102,83,0.49,partial_or_invalid,./Qwen3.5-2B,,0,Statement — legacy,0,False,3000,0.5310734463276836,,0,,0.6016949152542372,0.09375,71,12,legacy,0,0.0,False,standard_experiment_input,./Qwen3.5-0.8B,0.6802721088435374,Yes,True,computed,0,0.0,1530,0.6203208556149733,0.1272108843537415,0.7601626016260162,0.7966101694915254,187,1224,59,0.3983050847457627,"[""statement_results_merged.json""]",0.90625,1000,470,,"[0.09583637631716321, 0.12796073350536777]",0.953,0.7531914893617021,0.047,0.24680851063829787,116,1470,47,470,1000,1470,1470,Strict accuracy and balanced accuracy count unresolved predictions as failures; valid-only metrics exclude them.,1224,0.8326530612244898,1224,342,882,1224,246,"[0.6014191023344266, 0.7187839591495135]",0.6522775423728814,246,0.1673469387755102,independent_statements,0.04013605442176871,0.23983739837398374
statement.older_pydantic_0.8B,statement,0.7463333333333333,0.7798676419366074,0.70825,0.07966666666666666,0.6666666666666666,0.3333333333333333,False,0.20825000000000005,True,2239,2871,0.957,632,1.0,complete,./Qwen3.5-2B,,0,Statement — older Pydantic,0,True,3000,0.6527472527472528,,0,,0.34796926454445665,0.16071428571428573,317,315,older_pydantic,0,0.0,True,standard_experiment_input,./Qwen3.5-0.8B,0.6666666666666666,No,False,computed,0,0.0,0,0.8384301732925586,0.654,0.6833855799373041,0.6534653465346535,1962,129,909,0.6520307354555434,"[""pydantic_statement_results_full.json""]",0.8392857142857143,1000,1000,1000,"[0.7304551891721756, 0.7615814313558138]",0.406,0.1775,0.594,0.8225,1645,3000,594,2000,1000,3000,3000,Strict accuracy and balanced accuracy count unresolved predictions as failures; valid-only metrics exclude them.,129,0.043,129,40,89,129,2871,"[0.764343211392901, 0.7946441355682134]",0.7456582248706288,2871,0.957,independent_statements,0.303,0.3166144200626959
statement.rejudge_2B,statement,0.795,0.795,0.7365,0.1283333333333334,0.6666666666666666,0.3333333333333333,False,0.23650000000000004,True,2385,3000,1.0,615,1.0,complete,Qwen3.5-2B,0.795,3000,Statement — rejudged by 2B,0,True,3000,0.6459412780656304,,0,0.0,0.439,0.088,439,176,rejudge_2B,0,0.0,True,standard_experiment_input,Qwen3.5-2B,0.6666666666666666,No,False,computed,0,0.0,0,0.8060097216084843,0.7543333333333333,0.7543333333333333,0.7611940298507462,2263,,737,0.561,"[""statement_results_full_rejudge2B.json""]",0.912,1000,1000,1000,"[0.7801810397122456, 0.8090644395398122]",0.43899999999999995,0.08799999999999997,0.561,0.912,1824,3000,561,2000,1000,3000,3000,Strict accuracy and balanced accuracy count unresolved predictions as failures; valid-only metrics exclude them.,0,0.0,0,,,,3000,"[0.7801810397122456, 0.8090644395398122]",0.7365,3000,1.0,independent_statements,0.24566666666666667,0.24566666666666667
statement.robust_0.8B,statement,0.6566666666666666,0.6566666666666666,0.6725,-0.010000000000000009,0.6666666666666666,0.3333333333333333,False,0.1725,False,1970,3000,1.0,1030,1.0,complete,./Qwen3.5-2B,0.7595057034220533,2104,Statement — 0.8B judge,0,True,3000,0.582995951417004,0.41517857142857145,896,0.2986666666666667,0.28,0.375,280,750,robust_0.8B,0,0.0,True,standard_experiment_input,./Qwen3.5-0.8B,0.6666666666666666,No,False,computed,0,0.0,0,0.8169934640522876,0.51,0.51,0.4897959183673469,1530,,1470,0.72,"[""statement_results_full.json""]",0.625,1000,1000,1000,"[0.6394850389786642, 0.6734475884207336]",0.28,0.375,0.72,0.625,1250,3000,720,2000,1000,3000,3000,Strict accuracy and balanced accuracy count unresolved predictions as failures; valid-only metrics exclude them.,0,0.0,0,,,,3000,"[0.6394850389786642, 0.6734475884207336]",0.6725,3000,1.0,independent_statements,0.49,0.49
