condition_id,by_stage,definition,direct_parse_count,direct_parse_metrics.balanced_accuracy,direct_parse_metrics.records,direct_parse_metrics.strict_accuracy,direct_parse_metrics.unknown_predictions,direct_parse_metrics.valid_only_accuracy,display_name,fallback_count,fallback_known_records,fallback_metrics.balanced_accuracy,fallback_metrics.records,fallback_metrics.strict_accuracy,fallback_metrics.unknown_predictions,fallback_metrics.valid_only_accuracy,fallback_rate_all_records,fallback_rate_among_known,fallback_unknown_count,records
asymmetric_titleonly.baseline,"[{""fallback_count"": 0, ""fallback_rate_among_known"": null, ""records"": 1000, ""stage"": ""Round 1: True Tag""}, {""fallback_count"": 0, ""fallback_rate_among_known"": null, ""records"": 1000, ""stage"": ""Round 2: Unrelated Tag""}, {""fallback_count"": 0, ""fallback_rate_among_known"": null, ""records"": 1000, ""stage"": ""Round 3: Similar Tag""}]","needed_fallback=true means the normal structured-output parser did not supply the final verdict and the evaluation recovered it using its secondary scoring/parsing path. It is a run-quality flag, not itself an error.",0,,0,,0,,Title-only asymmetric — baseline,0,0,,0,,0,,0.0,,3000,3000
asymmetric_titleonly.interactive.ABA,"[{""fallback_count"": 0, ""fallback_rate_among_known"": null, ""records"": 1000, ""stage"": ""Round 1: True Tag""}, {""fallback_count"": 0, ""fallback_rate_among_known"": null, ""records"": 1000, ""stage"": ""Round 2: Unrelated Tag""}, {""fallback_count"": 0, ""fallback_rate_among_known"": null, ""records"": 1000, ""stage"": ""Round 3: Similar Tag""}]","needed_fallback=true means the normal structured-output parser did not supply the final verdict and the evaluation recovered it using its secondary scoring/parsing path. It is a run-quality flag, not itself an error.",0,,0,,0,,Title-only asymmetric — interactive ABA,0,0,,0,,0,,0.0,,3000,3000
asymmetric_titleonly.statement,"[{""fallback_count"": 0, ""fallback_rate_among_known"": null, ""records"": 1000, ""stage"": ""Round 1: True Tag""}, {""fallback_count"": 0, ""fallback_rate_among_known"": null, ""records"": 1000, ""stage"": ""Round 2: Unrelated Tag""}, {""fallback_count"": 0, ""fallback_rate_among_known"": null, ""records"": 1000, ""stage"": ""Round 3: Similar Tag""}]","needed_fallback=true means the normal structured-output parser did not supply the final verdict and the evaluation recovered it using its secondary scoring/parsing path. It is a run-quality flag, not itself an error.",0,,0,,0,,Title-only asymmetric — statements,0,0,,0,,0,,0.0,,3000,3000
baseline.legacy_0.8B,"[{""fallback_count"": 0, ""fallback_rate_among_known"": null, ""records"": 1000, ""stage"": ""Round 1: True Tag""}, {""fallback_count"": 0, ""fallback_rate_among_known"": null, ""records"": 189, ""stage"": ""Round 2: Unrelated Tag""}, {""fallback_count"": 0, ""fallback_rate_among_known"": null, ""records"": 0, ""stage"": ""Round 3: Similar Tag""}]","needed_fallback=true means the normal structured-output parser did not supply the final verdict and the evaluation recovered it using its secondary scoring/parsing path. It is a run-quality flag, not itself an error.",0,,0,,0,,Baseline 0.8B — legacy,0,0,,0,,0,,0.0,,1189,1189
baseline.older_pydantic_0.8B,"[{""fallback_count"": 0, ""fallback_rate_among_known"": null, ""records"": 1000, ""stage"": ""Round 1: True Tag""}, {""fallback_count"": 0, ""fallback_rate_among_known"": null, ""records"": 1000, ""stage"": ""Round 2: Unrelated Tag""}, {""fallback_count"": 0, ""fallback_rate_among_known"": null, ""records"": 1000, ""stage"": ""Round 3: Similar Tag""}]","needed_fallback=true means the normal structured-output parser did not supply the final verdict and the evaluation recovered it using its secondary scoring/parsing path. It is a run-quality flag, not itself an error.",0,,0,,0,,Baseline 0.8B — older Pydantic,0,0,,0,,0,,0.0,,3000,3000
baseline.robust_0.8B.no_manual,"[{""fallback_count"": 0, ""fallback_rate_among_known"": 0.0, ""records"": 1000, ""stage"": ""Round 1: True Tag""}, {""fallback_count"": 0, ""fallback_rate_among_known"": 0.0, ""records"": 1000, ""stage"": ""Round 2: Unrelated Tag""}, {""fallback_count"": 0, ""fallback_rate_among_known"": 0.0, ""records"": 1000, ""stage"": ""Round 3: Similar Tag""}]","needed_fallback=true means the normal structured-output parser did not supply the final verdict and the evaluation recovered it using its secondary scoring/parsing path. It is a run-quality flag, not itself an error.",3000,0.81725,3000,0.8333333333333334,0,0.8333333333333334,Baseline 0.8B — no manual,0,3000,,0,,0,,0.0,0.0,0,3000
baseline.robust_0.8B.with_manual,"[{""fallback_count"": 0, ""fallback_rate_among_known"": 0.0, ""records"": 1000, ""stage"": ""Round 1: True Tag""}, {""fallback_count"": 0, ""fallback_rate_among_known"": 0.0, ""records"": 1000, ""stage"": ""Round 2: Unrelated Tag""}, {""fallback_count"": 0, ""fallback_rate_among_known"": 0.0, ""records"": 1000, ""stage"": ""Round 3: Similar Tag""}]","needed_fallback=true means the normal structured-output parser did not supply the final verdict and the evaluation recovered it using its secondary scoring/parsing path. It is a run-quality flag, not itself an error.",3000,0.76275,3000,0.8016666666666666,0,0.8016666666666666,Baseline 0.8B — with manual,0,3000,,0,,0,,0.0,0.0,0,3000
baseline.robust_2B.no_manual,"[{""fallback_count"": 0, ""fallback_rate_among_known"": 0.0, ""records"": 1000, ""stage"": ""Round 1: True Tag""}, {""fallback_count"": 0, ""fallback_rate_among_known"": 0.0, ""records"": 1000, ""stage"": ""Round 2: Unrelated Tag""}, {""fallback_count"": 0, ""fallback_rate_among_known"": 0.0, ""records"": 1000, ""stage"": ""Round 3: Similar Tag""}]","needed_fallback=true means the normal structured-output parser did not supply the final verdict and the evaluation recovered it using its secondary scoring/parsing path. It is a run-quality flag, not itself an error.",3000,0.86125,3000,0.8693333333333333,0,0.8693333333333333,Baseline 2B — no manual,0,3000,,0,,0,,0.0,0.0,0,3000
baseline.robust_2B.with_manual,"[{""fallback_count"": 0, ""fallback_rate_among_known"": 0.0, ""records"": 1000, ""stage"": ""Round 1: True Tag""}, {""fallback_count"": 0, ""fallback_rate_among_known"": 0.0, ""records"": 1000, ""stage"": ""Round 2: Unrelated Tag""}, {""fallback_count"": 0, ""fallback_rate_among_known"": 0.0, ""records"": 1000, ""stage"": ""Round 3: Similar Tag""}]","needed_fallback=true means the normal structured-output parser did not supply the final verdict and the evaluation recovered it using its secondary scoring/parsing path. It is a run-quality flag, not itself an error.",3000,0.83275,3000,0.85,0,0.85,Baseline 2B — with manual,0,3000,,0,,0,,0.0,0.0,0,3000
baseline.robust_4B.no_manual,"[{""fallback_count"": 585, ""fallback_rate_among_known"": 0.585, ""records"": 1000, ""stage"": ""Round 1: True Tag""}, {""fallback_count"": 191, ""fallback_rate_among_known"": 0.191, ""records"": 1000, ""stage"": ""Round 2: Unrelated Tag""}, {""fallback_count"": 326, ""fallback_rate_among_known"": 0.326, ""records"": 1000, ""stage"": ""Round 3: Similar Tag""}]","needed_fallback=true means the normal structured-output parser did not supply the final verdict and the evaluation recovered it using its secondary scoring/parsing path. It is a run-quality flag, not itself an error.",1898,0.9294014899787959,1898,0.9615384615384616,0,0.9615384615384616,Baseline 4B — no manual,1102,3000,0.5,1102,0.530852994555354,0,0.530852994555354,0.36733333333333335,0.36733333333333335,0,3000
baseline.robust_4B.with_manual,"[{""fallback_count"": 968, ""fallback_rate_among_known"": 0.968, ""records"": 1000, ""stage"": ""Round 1: True Tag""}, {""fallback_count"": 614, ""fallback_rate_among_known"": 0.614, ""records"": 1000, ""stage"": ""Round 2: Unrelated Tag""}, {""fallback_count"": 779, ""fallback_rate_among_known"": 0.779, ""records"": 1000, ""stage"": ""Round 3: Similar Tag""}]","needed_fallback=true means the normal structured-output parser did not supply the final verdict and the evaluation recovered it using its secondary scoring/parsing path. It is a run-quality flag, not itself an error.",639,0.9465352141680395,639,0.9827856025039123,0,0.9827856025039123,Baseline 4B — with manual,2361,3000,0.5154780692126512,2361,0.4286319356204998,0,0.4286319356204998,0.787,0.787,0,3000
interactive.legacy_0.8B.ABA,"[{""fallback_count"": 0, ""fallback_rate_among_known"": null, ""records"": 1000, ""stage"": ""Round 1: True Tag""}, {""fallback_count"": 0, ""fallback_rate_among_known"": null, ""records"": 221, ""stage"": ""Round 2: Unrelated Tag""}, {""fallback_count"": 0, ""fallback_rate_among_known"": null, ""records"": 0, ""stage"": ""Round 3: Similar Tag""}]","needed_fallback=true means the normal structured-output parser did not supply the final verdict and the evaluation recovered it using its secondary scoring/parsing path. It is a run-quality flag, not itself an error.",0,,0,,0,,Interactive ABA — legacy,0,0,,0,,0,,0.0,,1221,1221
interactive.rejudge_2B.ABA,"[{""fallback_count"": 0, ""fallback_rate_among_known"": 0.0, ""records"": 1000, ""stage"": ""Round 1: True Tag""}, {""fallback_count"": 0, ""fallback_rate_among_known"": 0.0, ""records"": 1000, ""stage"": ""Round 2: Unrelated Tag""}, {""fallback_count"": 0, ""fallback_rate_among_known"": 0.0, ""records"": 1000, ""stage"": ""Round 3: Similar Tag""}]","needed_fallback=true means the normal structured-output parser did not supply the final verdict and the evaluation recovered it using its secondary scoring/parsing path. It is a run-quality flag, not itself an error.",3000,0.72975,3000,0.7516666666666667,0,0.7516666666666667,Interactive ABA — rejudged by 2B,0,3000,,0,,0,,0.0,0.0,0,3000
interactive.rejudge_2B.BAB,"[{""fallback_count"": 0, ""fallback_rate_among_known"": 0.0, ""records"": 1000, ""stage"": ""Round 1: True Tag""}, {""fallback_count"": 0, ""fallback_rate_among_known"": 0.0, ""records"": 1000, ""stage"": ""Round 2: Unrelated Tag""}, {""fallback_count"": 0, ""fallback_rate_among_known"": 0.0, ""records"": 1000, ""stage"": ""Round 3: Similar Tag""}]","needed_fallback=true means the normal structured-output parser did not supply the final verdict and the evaluation recovered it using its secondary scoring/parsing path. It is a run-quality flag, not itself an error.",3000,0.73875,3000,0.741,0,0.741,Interactive BAB — rejudged by 2B,0,3000,,0,,0,,0.0,0.0,0,3000
interactive.robust_0.8B.ABA,"[{""fallback_count"": 753, ""fallback_rate_among_known"": 0.753, ""records"": 1000, ""stage"": ""Round 1: True Tag""}, {""fallback_count"": 712, ""fallback_rate_among_known"": 0.712, ""records"": 1000, ""stage"": ""Round 2: Unrelated Tag""}, {""fallback_count"": 743, ""fallback_rate_among_known"": 0.743, ""records"": 1000, ""stage"": ""Round 3: Similar Tag""}]","needed_fallback=true means the normal structured-output parser did not supply the final verdict and the evaluation recovered it using its secondary scoring/parsing path. It is a run-quality flag, not itself an error.",792,0.6988077108791739,792,0.75,0,0.75,Interactive ABA — 0.8B judge,2208,3000,0.5697799865828781,2208,0.4832427536231884,0,0.4832427536231884,0.736,0.736,0,3000
interactive.robust_0.8B.BAB,"[{""fallback_count"": 708, ""fallback_rate_among_known"": 0.708, ""records"": 1000, ""stage"": ""Round 1: True Tag""}, {""fallback_count"": 611, ""fallback_rate_among_known"": 0.611, ""records"": 1000, ""stage"": ""Round 2: Unrelated Tag""}, {""fallback_count"": 647, ""fallback_rate_among_known"": 0.647, ""records"": 1000, ""stage"": ""Round 3: Similar Tag""}]","needed_fallback=true means the normal structured-output parser did not supply the final verdict and the evaluation recovered it using its secondary scoring/parsing path. It is a run-quality flag, not itself an error.",1034,0.6930223756600081,1034,0.7427466150870407,0,0.7427466150870407,Interactive BAB — 0.8B judge,1966,3000,0.5315674597828137,1966,0.43845371312309256,0,0.43845371312309256,0.6553333333333333,0.6553333333333333,0,3000
interactive.robust_0.8B.BAB_swapped_labels,"[{""fallback_count"": 709, ""fallback_rate_among_known"": 0.709, ""records"": 1000, ""stage"": ""Round 1: True Tag""}, {""fallback_count"": 615, ""fallback_rate_among_known"": 0.615, ""records"": 1000, ""stage"": ""Round 2: Unrelated Tag""}, {""fallback_count"": 666, ""fallback_rate_among_known"": 0.666, ""records"": 1000, ""stage"": ""Round 3: Similar Tag""}]","needed_fallback=true means the normal structured-output parser did not supply the final verdict and the evaluation recovered it using its secondary scoring/parsing path. It is a run-quality flag, not itself an error.",1010,0.708852501326298,1010,0.7514851485148515,0,0.7514851485148515,Interactive BAB — displayed labels swapped,1990,3000,0.5383284391931991,1990,0.44170854271356785,0,0.44170854271356785,0.6633333333333333,0.6633333333333333,0,3000
statement.legacy_0.8B,"[{""fallback_count"": 0, ""fallback_rate_among_known"": null, ""records"": 1000, ""stage"": ""Round 1: True Tag""}, {""fallback_count"": 0, ""fallback_rate_among_known"": null, ""records"": 470, ""stage"": ""Round 2: Unrelated Tag""}, {""fallback_count"": 0, ""fallback_rate_among_known"": null, ""records"": 0, ""stage"": ""Round 3: Similar Tag""}]","needed_fallback=true means the normal structured-output parser did not supply the final verdict and the evaluation recovered it using its secondary scoring/parsing path. It is a run-quality flag, not itself an error.",0,,0,,0,,Statement — legacy,0,0,,0,,0,,0.0,,1470,1470
statement.older_pydantic_0.8B,"[{""fallback_count"": 0, ""fallback_rate_among_known"": null, ""records"": 1000, ""stage"": ""Round 1: True Tag""}, {""fallback_count"": 0, ""fallback_rate_among_known"": null, ""records"": 1000, ""stage"": ""Round 2: Unrelated Tag""}, {""fallback_count"": 0, ""fallback_rate_among_known"": null, ""records"": 1000, ""stage"": ""Round 3: Similar Tag""}]","needed_fallback=true means the normal structured-output parser did not supply the final verdict and the evaluation recovered it using its secondary scoring/parsing path. It is a run-quality flag, not itself an error.",0,,0,,0,,Statement — older Pydantic,0,0,,0,,0,,0.0,,3000,3000
statement.rejudge_2B,"[{""fallback_count"": 0, ""fallback_rate_among_known"": 0.0, ""records"": 1000, ""stage"": ""Round 1: True Tag""}, {""fallback_count"": 0, ""fallback_rate_among_known"": 0.0, ""records"": 1000, ""stage"": ""Round 2: Unrelated Tag""}, {""fallback_count"": 0, ""fallback_rate_among_known"": 0.0, ""records"": 1000, ""stage"": ""Round 3: Similar Tag""}]","needed_fallback=true means the normal structured-output parser did not supply the final verdict and the evaluation recovered it using its secondary scoring/parsing path. It is a run-quality flag, not itself an error.",3000,0.7365,3000,0.795,0,0.795,Statement — rejudged by 2B,0,3000,,0,,0,,0.0,0.0,0,3000
statement.robust_0.8B,"[{""fallback_count"": 329, ""fallback_rate_among_known"": 0.329, ""records"": 1000, ""stage"": ""Round 1: True Tag""}, {""fallback_count"": 312, ""fallback_rate_among_known"": 0.312, ""records"": 1000, ""stage"": ""Round 2: Unrelated Tag""}, {""fallback_count"": 255, ""fallback_rate_among_known"": 0.255, ""records"": 1000, ""stage"": ""Round 3: Similar Tag""}]","needed_fallback=true means the normal structured-output parser did not supply the final verdict and the evaluation recovered it using its secondary scoring/parsing path. It is a run-quality flag, not itself an error.",2104,0.7164630182945536,2104,0.7595057034220533,0,0.7595057034220533,Statement — 0.8B judge,896,3000,0.5315396450148223,896,0.41517857142857145,0,0.41517857142857145,0.2986666666666667,0.2986666666666667,0,3000
