condition_id,total_records,argmax_confidence_ece,brier_score,complete_all_framings_count,confidence_provenance,coverage,coverage_within_scope,display_name,eligible_count,expected_calibration_error,fallback_circularity_warning,fallback_rate_among_known,framing,generated_high_confidence_count,generated_high_confidence_error_count,generated_high_confidence_error_rate,generated_prediction_agreement_count,generated_prediction_agreement_eligible,generated_prediction_agreement_rate,high_confidence_count,high_confidence_error_count,high_confidence_error_rate,high_confidence_threshold,interpretation_note,mean_argmax_confidence_correct,mean_argmax_confidence_error,mean_generated_label_confidence_correct,mean_generated_label_confidence_error,negative_log_likelihood,probability_field,roc_auc,scope,scope_record_count,status,threshold_accuracy,threshold_accuracy_confidence_interval_95,threshold_correct_count
asymmetric_titleonly.baseline,3000,,,,Teacher-forced continuation scores from separate follow-up prompt framings; they are not probabilities extracted from the original generated explanation.,,,Title-only asymmetric — baseline,,,,,,,,,,,,,,,,,,,,,,,,all,,not_applicable_no_confidence_fields,,,
asymmetric_titleonly.interactive.ABA,3000,,,,Teacher-forced continuation scores from separate follow-up prompt framings; they are not probabilities extracted from the original generated explanation.,,,Title-only asymmetric — interactive ABA,,,,,,,,,,,,,,,,,,,,,,,,all,,not_applicable_no_confidence_fields,,,
asymmetric_titleonly.statement,3000,,,,Teacher-forced continuation scores from separate follow-up prompt framings; they are not probabilities extracted from the original generated explanation.,,,Title-only asymmetric — statements,,,,,,,,,,,,,,,,,,,,,,,,all,,not_applicable_no_confidence_fields,,,
baseline.legacy_0.8B,1189,,,,Teacher-forced continuation scores from separate follow-up prompt framings; they are not probabilities extracted from the original generated explanation.,,,Baseline 0.8B — legacy,,,,,,,,,,,,,,,,,,,,,,,,all,,not_applicable_no_confidence_fields,,,
baseline.older_pydantic_0.8B,3000,,,,Teacher-forced continuation scores from separate follow-up prompt framings; they are not probabilities extracted from the original generated explanation.,,,Baseline 0.8B — older Pydantic,,,,,,,,,,,,,,,,,,,,,,,,all,,not_applicable_no_confidence_fields,,,
baseline.robust_0.8B.no_manual,3000,0.623540348185209,0.6040662070719703,0,Teacher-forced continuation scores from separate follow-up prompt framings; they are not probabilities extracted from the original generated explanation.,1.0,,Baseline 0.8B — no manual,3000,0.623540348185209,,0.0,yes_no,1037,268,0.25843780135004824,1038,3000,0.346,2962,1962,0.662390276839973,0.9,,0.9678532021496599,0.9513839212029837,0.3330612746691934,0.5351356538585815,2.0761233124502803,verdict_prob_belongs,0.780102,all,,computed,0.3333333333333333,"[0.31668723296274204, 0.3504057166123665]",1000
baseline.robust_0.8B.no_manual,3000,0.295747127403957,0.2913910477862948,0,Teacher-forced continuation scores from separate follow-up prompt framings; they are not probabilities extracted from the original generated explanation.,1.0,,Baseline 0.8B — no manual,3000,0.295747127403957,,0.0,true_false,0,0,,1118,3000,0.37266666666666665,0,0,,0.9,,0.6519499942854833,0.6182120604718433,0.4788762682426728,0.5179423693305396,0.778665360170951,boolean_prob_true,0.7258045,all,,computed,0.36133333333333334,"[0.34433063917398693, 0.37869069487250345]",1084
baseline.robust_0.8B.no_manual,,0.623540348185209,0.6040662070719703,,Teacher-forced continuation scores from separate follow-up prompt framings; they are not probabilities extracted from the original generated explanation.,,1.0,Baseline 0.8B — no manual,3000,0.623540348185209,False,,yes_no,,,,1038,3000,0.346,,,,,,,,,,2.0761233124502803,verdict_prob_belongs,0.780102,non_fallback,3000,computed,0.3333333333333333,,
baseline.robust_0.8B.no_manual,,0.295747127403957,0.2913910477862948,,Teacher-forced continuation scores from separate follow-up prompt framings; they are not probabilities extracted from the original generated explanation.,,1.0,Baseline 0.8B — no manual,3000,0.295747127403957,False,,true_false,,,,1118,3000,0.37266666666666665,,,,,,,,,,0.778665360170951,boolean_prob_true,0.7258045,non_fallback,3000,computed,0.36133333333333334,,
baseline.robust_0.8B.with_manual,3000,0.6341736993004579,0.6206705302479726,0,Teacher-forced continuation scores from separate follow-up prompt framings; they are not probabilities extracted from the original generated explanation.,1.0,,Baseline 0.8B — with manual,3000,0.6341736993004579,,0.0,yes_no,887,241,0.2717023675310034,887,3000,0.2956666666666667,2999,1999,0.6665555185061687,0.9,,0.9732261461959562,0.9646474758527088,0.2879097249748491,0.40922973793945144,2.257625069203643,verdict_prob_belongs,0.79440475,all,,computed,0.3333333333333333,"[0.31668723296274204, 0.3504057166123665]",1000
baseline.robust_0.8B.with_manual,3000,0.14684983962932793,0.23334461223000272,0,Teacher-forced continuation scores from separate follow-up prompt framings; they are not probabilities extracted from the original generated explanation.,1.0,,Baseline 0.8B — with manual,3000,0.14684983962932796,,0.0,true_false,0,0,,1965,3000,0.655,0,0,,0.9,,0.5448108982682149,0.5289864324511522,0.5241931236170789,0.5015861771880468,0.659538606665404,boolean_prob_true,0.6770555,all,,computed,0.6513333333333333,"[0.6340968631526465, 0.6681827386331549]",1954
baseline.robust_0.8B.with_manual,,0.6341736993004579,0.6206705302479726,,Teacher-forced continuation scores from separate follow-up prompt framings; they are not probabilities extracted from the original generated explanation.,,1.0,Baseline 0.8B — with manual,3000,0.6341736993004579,False,,yes_no,,,,887,3000,0.2956666666666667,,,,,,,,,,2.257625069203643,verdict_prob_belongs,0.79440475,non_fallback,3000,computed,0.3333333333333333,,
baseline.robust_0.8B.with_manual,,0.14684983962932793,0.23334461223000272,,Teacher-forced continuation scores from separate follow-up prompt framings; they are not probabilities extracted from the original generated explanation.,,1.0,Baseline 0.8B — with manual,3000,0.14684983962932796,False,,true_false,,,,1965,3000,0.655,,,,,,,,,,0.659538606665404,boolean_prob_true,0.6770555,non_fallback,3000,computed,0.6513333333333333,,
baseline.robust_2B.no_manual,3000,0.21122595575828515,0.21039505728458627,0,Teacher-forced continuation scores from separate follow-up prompt framings; they are not probabilities extracted from the original generated explanation.,1.0,,Baseline 2B — no manual,3000,0.21122595575828515,,0.0,yes_no,1657,97,0.058539529269764634,1959,3000,0.653,1802,170,0.09433962264150944,0.9,,0.9264243892069344,0.7803047963669308,0.7202970833633227,0.4672181083356037,0.6063387676884782,verdict_prob_belongs,0.8918755,all,,computed,0.6736666666666666,"[0.6566758140102426, 0.6902133325324941]",2021
baseline.robust_2B.no_manual,3000,0.2805420895280092,0.26930675707163915,0,Teacher-forced continuation scores from separate follow-up prompt framings; they are not probabilities extracted from the original generated explanation.,1.0,,Baseline 2B — no manual,3000,0.2805420895280092,,0.0,true_false,51,6,0.11764705882352941,1665,3000,0.555,65,18,0.27692307692307694,0.9,,0.68141084815562,0.6542314166513548,0.5335491189708682,0.560121527418227,0.7427576467796613,boolean_prob_true,0.73603375,all,,computed,0.523,"[0.5051089926111603, 0.5408321803474747]",1569
baseline.robust_2B.no_manual,,0.21122595575828515,0.21039505728458627,,Teacher-forced continuation scores from separate follow-up prompt framings; they are not probabilities extracted from the original generated explanation.,,1.0,Baseline 2B — no manual,3000,0.21122595575828515,False,,yes_no,,,,1959,3000,0.653,,,,,,,,,,0.6063387676884782,verdict_prob_belongs,0.8918755,non_fallback,3000,computed,0.6736666666666666,,
baseline.robust_2B.no_manual,,0.2805420895280092,0.26930675707163915,,Teacher-forced continuation scores from separate follow-up prompt framings; they are not probabilities extracted from the original generated explanation.,,1.0,Baseline 2B — no manual,3000,0.2805420895280092,False,,true_false,,,,1665,3000,0.555,,,,,,,,,,0.7427576467796613,boolean_prob_true,0.73603375,non_fallback,3000,computed,0.523,,
baseline.robust_2B.with_manual,3000,0.18314133384297593,0.2128583271173721,0,Teacher-forced continuation scores from separate follow-up prompt framings; they are not probabilities extracted from the original generated explanation.,1.0,,Baseline 2B — with manual,3000,0.18314133384297604,,0.0,yes_no,840,34,0.04047619047619048,1993,3000,0.6643333333333333,886,50,0.056433408577878104,0.9,,0.8750953410170494,0.7714464447877624,0.6874438616550308,0.49112200232215103,0.6044817568373452,verdict_prob_belongs,0.85045875,all,,computed,0.6683333333333333,"[0.651279980877979, 0.6849561400511612]",2005
baseline.robust_2B.with_manual,3000,0.5415844562843222,0.503345201176241,0,Teacher-forced continuation scores from separate follow-up prompt framings; they are not probabilities extracted from the original generated explanation.,1.0,,Baseline 2B — with manual,3000,0.5415844562843222,,0.0,true_false,530,110,0.20754716981132076,1012,3000,0.3373333333333333,1057,531,0.5023651844843898,0.9,,0.8972135175468471,0.8637699256530598,0.37250772090105855,0.511602271237715,1.4149899567382047,boolean_prob_true,0.69520325,all,,computed,0.3333333333333333,"[0.31668723296274204, 0.3504057166123665]",1000
baseline.robust_2B.with_manual,,0.18314133384297593,0.2128583271173721,,Teacher-forced continuation scores from separate follow-up prompt framings; they are not probabilities extracted from the original generated explanation.,,1.0,Baseline 2B — with manual,3000,0.18314133384297604,False,,yes_no,,,,1993,3000,0.6643333333333333,,,,,,,,,,0.6044817568373452,verdict_prob_belongs,0.85045875,non_fallback,3000,computed,0.6683333333333333,,
baseline.robust_2B.with_manual,,0.5415844562843222,0.503345201176241,,Teacher-forced continuation scores from separate follow-up prompt framings; they are not probabilities extracted from the original generated explanation.,,1.0,Baseline 2B — with manual,3000,0.5415844562843222,False,,true_false,,,,1012,3000,0.3373333333333333,,,,,,,,,,1.4149899567382047,boolean_prob_true,0.69520325,non_fallback,3000,computed,0.3333333333333333,,
baseline.robust_4B.no_manual,3000,0.595718799031407,0.5630224203796976,0,Teacher-forced continuation scores from separate follow-up prompt framings; they are not probabilities extracted from the original generated explanation.,1.0,,Baseline 4B — no manual,3000,0.595718799031407,,0.36733333333333335,yes_no,1356,435,0.32079646017699115,1484,3000,0.49466666666666664,2519,1552,0.6161175069472012,0.9,,0.951511523588547,0.9178224367528368,0.4255319298967998,0.8468903406244308,1.7200749619839775,verdict_prob_belongs,0.84954175,all,,computed,0.3333333333333333,"[0.31668723296274204, 0.3504057166123665]",1000
baseline.robust_4B.no_manual,3000,0.3002787772292299,0.2952939196498625,0,Teacher-forced continuation scores from separate follow-up prompt framings; they are not probabilities extracted from the original generated explanation.,1.0,,Baseline 4B — no manual,3000,0.30027877722922985,,0.36733333333333335,true_false,0,0,,1560,3000,0.52,0,0,,0.9,,0.6528891253326339,0.6318324399053505,0.4983848329860679,0.5904331317114401,0.7903992400893127,boolean_prob_true,0.680259,all,,computed,0.396,"[0.37864306480187254, 0.4136229357329953]",1188
baseline.robust_4B.no_manual,,0.7057753489938703,0.6567366395285387,,Teacher-forced continuation scores from separate follow-up prompt framings; they are not probabilities extracted from the original generated explanation.,,1.0,Baseline 4B — no manual,1898,0.7057753489938703,False,,yes_no,,,,382,1898,0.20126448893572182,,,,,,,,,,1.984901044437156,verdict_prob_belongs,0.8906945380984491,non_fallback,1898,computed,0.21865121180189673,,
baseline.robust_4B.no_manual,,0.4137542043557905,0.3235286134142951,,Teacher-forced continuation scores from separate follow-up prompt framings; they are not probabilities extracted from the original generated explanation.,,1.0,Baseline 4B — no manual,1898,0.41375420435579047,False,,true_false,,,,531,1898,0.279768177028451,,,,,,,,,,0.8501396333046977,boolean_prob_true,0.7472178667468254,non_fallback,1898,computed,0.2971548998946259,,
baseline.robust_4B.no_manual,,0.40616586633743645,0.4016162607204412,,Teacher-forced continuation scores from separate follow-up prompt framings; they are not probabilities extracted from the original generated explanation.,,1.0,Baseline 4B — no manual,1102,0.40616586633743645,True,,yes_no,,,,1102,1102,1.0,,,,,"On fallback records, the final prediction was selected from the Yes/No confidence argmax; prediction/agreement is therefore circular for that framing.",,,,,1.2639588961980126,verdict_prob_belongs,0.7811238406983088,fallback,1102,computed,0.530852994555354,,
baseline.robust_4B.no_manual,,0.10483743359382888,0.24666465579787247,,Teacher-forced continuation scores from separate follow-up prompt framings; they are not probabilities extracted from the original generated explanation.,,1.0,Baseline 4B — no manual,1102,0.1048374335938289,False,,true_false,,,,1029,1102,0.9337568058076225,,,,,,,,,,0.6875069838980236,boolean_prob_true,0.6345517366793962,fallback,1102,computed,0.5662431941923775,,
baseline.robust_4B.with_manual,3000,0.35779671589996415,0.3067995636281103,0,Teacher-forced continuation scores from separate follow-up prompt framings; they are not probabilities extracted from the original generated explanation.,1.0,,Baseline 4B — with manual,3000,0.35779671589996415,,0.787,yes_no,5,0,0.0,2426,3000,0.8086666666666666,5,0,0.0,0.9,,0.7547066091473317,0.65835548118638,0.616203211117367,0.6638508448190317,0.8118986521132943,verdict_prob_belongs,0.8591175,all,,computed,0.35733333333333334,"[0.34037763589545156, 0.3746539289408415]",1072
baseline.robust_4B.with_manual,3000,0.05845368079345992,0.21004186549516454,0,Teacher-forced continuation scores from separate follow-up prompt framings; they are not probabilities extracted from the original generated explanation.,1.0,,Baseline 4B — with manual,3000,0.058453680793459875,,0.787,true_false,0,0,,699,3000,0.233,0,0,,0.9,,0.6574878277361862,0.6209716626505632,0.49240710793098863,0.34717012259785185,0.609128460280279,boolean_prob_true,0.66759825,all,,computed,0.6683333333333333,"[0.651279980877979, 0.6849561400511612]",2005
baseline.robust_4B.with_manual,,0.5929660942823207,0.3912299127741654,,Teacher-forced continuation scores from separate follow-up prompt framings; they are not probabilities extracted from the original generated explanation.,,1.0,Baseline 4B — with manual,639,0.5929660942823207,False,,yes_no,,,,65,639,0.10172143974960876,,,,,,,,,,0.9914194896126218,verdict_prob_belongs,0.9481826606260296,non_fallback,639,computed,0.09389671361502347,,
baseline.robust_4B.with_manual,,0.2911990740615975,0.1314269695363071,,Teacher-forced continuation scores from separate follow-up prompt framings; they are not probabilities extracted from the original generated explanation.,,1.0,Baseline 4B — with manual,639,0.29119907406159745,False,,true_false,,,,597,639,0.9342723004694836,,,,,,,,,,0.4447802924029962,boolean_prob_true,0.7138334019769358,non_fallback,639,computed,0.9420970266040689,,
baseline.robust_4B.with_manual,,0.29499415819373936,0.28394865591767854,,Teacher-forced continuation scores from separate follow-up prompt framings; they are not probabilities extracted from the original generated explanation.,,1.0,Baseline 4B — with manual,2361,0.29499415819373936,True,,yes_no,,,,2361,2361,1.0,,,,,"On fallback records, the final prediction was selected from the Yes/No confidence argmax; prediction/agreement is therefore circular for that framing.",,,,,0.7633116910111891,verdict_prob_belongs,0.8394818692043452,fallback,2361,computed,0.4286319356204998,,
baseline.robust_4B.with_manual,,0.07605332923704841,0.23131883225404207,,Teacher-forced continuation scores from separate follow-up prompt framings; they are not probabilities extracted from the original generated explanation.,,1.0,Baseline 4B — with manual,2361,0.07605332923704841,False,,true_false,,,,102,2361,0.043202033036848796,,,,,,,,,,0.6536089682318179,boolean_prob_true,0.6581064264652661,fallback,2361,computed,0.5942397289284201,,
interactive.legacy_0.8B.ABA,1221,,,,Teacher-forced continuation scores from separate follow-up prompt framings; they are not probabilities extracted from the original generated explanation.,,,Interactive ABA — legacy,,,,,,,,,,,,,,,,,,,,,,,,all,,not_applicable_no_confidence_fields,,,
interactive.rejudge_2B.ABA,3000,0.18846683066086503,0.1941120592535943,3000,Teacher-forced continuation scores from separate follow-up prompt framings; they are not probabilities extracted from the original generated explanation.,1.0,,Interactive ABA — rejudged by 2B,3000,0.188466830660865,,0.0,yes_no,1174,49,0.041737649063032366,1962,3000,0.654,1304,61,0.04677914110429448,0.9,,0.8918526046180903,0.7452424694618497,0.7330648063396773,0.4476208060192802,0.5513656633082529,verdict_prob_belongs,0.89958575,all,,computed,0.6803333333333333,"[0.6634240733329123, 0.6967813552268202]",2041
interactive.rejudge_2B.ABA,3000,0.15551162861329948,0.19399048629981117,3000,Teacher-forced continuation scores from separate follow-up prompt framings; they are not probabilities extracted from the original generated explanation.,1.0,,Interactive ABA — rejudged by 2B,3000,0.1555116286132995,,0.0,true_false,307,10,0.03257328990228013,1952,3000,0.6506666666666666,345,12,0.034782608695652174,0.9,,0.8398868587690137,0.723856159155955,0.6947459133025389,0.45857839015708557,0.5596845464954338,boolean_prob_true,0.861854,all,,computed,0.675,"[0.6580251559863218, 0.6915272469598143]",2025
interactive.rejudge_2B.ABA,3000,0.27457140614898284,0.3293350455803986,3000,Teacher-forced continuation scores from separate follow-up prompt framings; they are not probabilities extracted from the original generated explanation.,1.0,,Interactive ABA — rejudged by 2B,3000,0.27457140614898284,,0.0,debater_ab_converted,14,3,0.21428571428571427,1508,3000,0.5026666666666667,23,11,0.4782608695652174,0.9,,0.7720035695149496,0.7685029151210963,0.5035740610866435,0.5132014905501605,0.8942707619195783,debater_prob_yes,0.4961685,all,,computed,0.49566666666666664,"[0.4777923817763995, 0.5135520349125533]",1487
interactive.rejudge_2B.ABA,,0.18846683066086503,0.1941120592535943,,Teacher-forced continuation scores from separate follow-up prompt framings; they are not probabilities extracted from the original generated explanation.,,1.0,Interactive ABA — rejudged by 2B,3000,0.188466830660865,False,,yes_no,,,,1962,3000,0.654,,,,,,,,,,0.5513656633082529,verdict_prob_belongs,0.89958575,non_fallback,3000,computed,0.6803333333333333,,
interactive.rejudge_2B.ABA,,0.15551162861329948,0.19399048629981117,,Teacher-forced continuation scores from separate follow-up prompt framings; they are not probabilities extracted from the original generated explanation.,,1.0,Interactive ABA — rejudged by 2B,3000,0.1555116286132995,False,,true_false,,,,1952,3000,0.6506666666666666,,,,,,,,,,0.5596845464954338,boolean_prob_true,0.861854,non_fallback,3000,computed,0.675,,
interactive.rejudge_2B.ABA,,0.27457140614898284,0.3293350455803986,,Teacher-forced continuation scores from separate follow-up prompt framings; they are not probabilities extracted from the original generated explanation.,,1.0,Interactive ABA — rejudged by 2B,3000,0.27457140614898284,False,,debater_ab_converted,,,,1508,3000,0.5026666666666667,,,,,,,,,,0.8942707619195783,debater_prob_yes,0.4961685,non_fallback,3000,computed,0.49566666666666664,,
interactive.rejudge_2B.BAB,3000,0.16152202288229725,0.19301031685905665,3000,Teacher-forced continuation scores from separate follow-up prompt framings; they are not probabilities extracted from the original generated explanation.,1.0,,Interactive BAB — rejudged by 2B,3000,0.16152202288229725,,0.0,yes_no,867,39,0.04498269896193772,1798,3000,0.5993333333333334,965,46,0.04766839378238342,0.9,,0.8625182599215109,0.7269102121753166,0.700033636123756,0.4061741645511056,0.5519611619914104,verdict_prob_belongs,0.85682825,all,,computed,0.6776666666666666,"[0.6607243037708744, 0.6941546119820597]",2033
interactive.rejudge_2B.BAB,3000,0.10901057422756022,0.19816073191028416,3000,Teacher-forced continuation scores from separate follow-up prompt framings; they are not probabilities extracted from the original generated explanation.,1.0,,Interactive BAB — rejudged by 2B,3000,0.10901057422756016,,0.0,true_false,103,7,0.06796116504854369,1803,3000,0.601,110,9,0.08181818181818182,0.9,,0.7908395968042629,0.7054669371345955,0.6514056027725365,0.42982394140444363,0.5764055927992434,boolean_prob_true,0.777045,all,,computed,0.6766666666666666,"[0.6597120507035859, 0.6931694227467988]",2030
interactive.rejudge_2B.BAB,3000,0.28671449863019394,0.335095938601102,3000,Teacher-forced continuation scores from separate follow-up prompt framings; they are not probabilities extracted from the original generated explanation.,1.0,,Interactive BAB — rejudged by 2B,3000,0.2867144986301939,,0.0,debater_ab_converted,15,4,0.26666666666666666,1438,3000,0.47933333333333333,22,9,0.4090909090909091,0.9,,0.778961771412658,0.7755094018835258,0.4922767333041305,0.48479739528186805,0.9110005912372817,debater_prob_yes,0.503372,all,,computed,0.49366666666666664,"[0.47579570144424593, 0.5115538306396081]",1481
interactive.rejudge_2B.BAB,,0.16152202288229725,0.19301031685905665,,Teacher-forced continuation scores from separate follow-up prompt framings; they are not probabilities extracted from the original generated explanation.,,1.0,Interactive BAB — rejudged by 2B,3000,0.16152202288229725,False,,yes_no,,,,1798,3000,0.5993333333333334,,,,,,,,,,0.5519611619914104,verdict_prob_belongs,0.85682825,non_fallback,3000,computed,0.6776666666666666,,
interactive.rejudge_2B.BAB,,0.10901057422756022,0.19816073191028416,,Teacher-forced continuation scores from separate follow-up prompt framings; they are not probabilities extracted from the original generated explanation.,,1.0,Interactive BAB — rejudged by 2B,3000,0.10901057422756016,False,,true_false,,,,1803,3000,0.601,,,,,,,,,,0.5764055927992434,boolean_prob_true,0.777045,non_fallback,3000,computed,0.6766666666666666,,
interactive.rejudge_2B.BAB,,0.28671449863019394,0.335095938601102,,Teacher-forced continuation scores from separate follow-up prompt framings; they are not probabilities extracted from the original generated explanation.,,1.0,Interactive BAB — rejudged by 2B,3000,0.2867144986301939,False,,debater_ab_converted,,,,1438,3000,0.47933333333333333,,,,,,,,,,0.9110005912372817,debater_prob_yes,0.503372,non_fallback,3000,computed,0.49366666666666664,,
interactive.robust_0.8B.ABA,3000,0.2409345378708034,0.2737773464092092,3000,Teacher-forced continuation scores from separate follow-up prompt framings; they are not probabilities extracted from the original generated explanation.,1.0,,Interactive ABA — 0.8B judge,3000,0.24093453787080338,,0.736,yes_no,1,0,0.0,2561,3000,0.8536666666666667,1,0,0.0,0.9,,0.6136785545813571,0.6138197573801063,0.5695742769508215,0.5963178344340577,0.7457032311668045,verdict_prob_belongs,0.60900625,all,,computed,0.4806666666666667,"[0.4628242483996734, 0.4985585337510392]",1442
interactive.robust_0.8B.ABA,3000,0.29534846506394824,0.3032050411101722,3000,Teacher-forced continuation scores from separate follow-up prompt framings; they are not probabilities extracted from the original generated explanation.,1.0,,Interactive ABA — 0.8B judge,3000,0.29534846506394824,,0.736,true_false,0,0,,1910,3000,0.6366666666666667,0,0,,0.9,,0.6415478840863625,0.6299462171509497,0.5160642472882154,0.5866149336287307,0.8065346329517741,boolean_prob_true,0.60320825,all,,computed,0.369,"[0.35191082253362094, 0.3864242358324145]",1107
interactive.robust_0.8B.ABA,3000,0.3231314583466982,0.3636031937453272,3000,Teacher-forced continuation scores from separate follow-up prompt framings; they are not probabilities extracted from the original generated explanation.,1.0,,Interactive ABA — 0.8B judge,3000,0.3231314583466982,,0.736,debater_ab_converted,163,82,0.5030674846625767,1517,3000,0.5056666666666667,338,184,0.5443786982248521,0.9,,0.8106895390403752,0.8206119610868728,0.497553148100064,0.5137378865313516,1.0175483508293672,debater_prob_yes,0.47957775,all,,computed,0.496,"[0.47812518961431844, 0.5138850411754841]",1488
interactive.robust_0.8B.ABA,,0.25537196792904426,0.2751466563269599,,Teacher-forced continuation scores from separate follow-up prompt framings; they are not probabilities extracted from the original generated explanation.,,1.0,Interactive ABA — 0.8B judge,792,0.25537196792904426,False,,yes_no,,,,353,792,0.4457070707070707,,,,,,,,,,0.7484097910366867,verdict_prob_belongs,0.5980425658359024,non_fallback,792,computed,0.4734848484848485,,
interactive.robust_0.8B.ABA,,0.3229298793708273,0.31534235488061985,,Teacher-forced continuation scores from separate follow-up prompt framings; they are not probabilities extracted from the original generated explanation.,,1.0,Interactive ABA — 0.8B judge,792,0.3229298793708273,False,,true_false,,,,253,792,0.3194444444444444,,,,,,,,,,0.8336896460778811,boolean_prob_true,0.5847156706162018,non_fallback,792,computed,0.3421717171717172,,
interactive.robust_0.8B.ABA,,0.3573847300729794,0.3822510929129279,,Teacher-forced continuation scores from separate follow-up prompt framings; they are not probabilities extracted from the original generated explanation.,,1.0,Interactive ABA — 0.8B judge,792,0.3573847300729794,False,,debater_ab_converted,,,,387,792,0.48863636363636365,,,,,,,,,,1.0589261141766022,debater_prob_yes,0.4599375998217138,non_fallback,792,computed,0.46085858585858586,,
interactive.robust_0.8B.ABA,,0.23575589448034748,0.27328618089523343,,Teacher-forced continuation scores from separate follow-up prompt framings; they are not probabilities extracted from the original generated explanation.,,1.0,Interactive ABA — 0.8B judge,2208,0.23575589448034748,True,,yes_no,,,,2208,2208,1.0,,,,,"On fallback records, the final prediction was selected from the Yes/No confidence argmax; prediction/agreement is therefore circular for that framing.",,,,,0.7447323999091292,verdict_prob_belongs,0.6124227032306057,fallback,2208,computed,0.4832427536231884,,
interactive.robust_0.8B.ABA,,0.2854551316712633,0.2988514394316421,,Teacher-forced continuation scores from separate follow-up prompt framings; they are not probabilities extracted from the original generated explanation.,,1.0,Interactive ABA — 0.8B judge,2208,0.2854551316712633,False,,true_false,,,,1657,2208,0.7504528985507246,,,,,,,,,,0.796794247808714,boolean_prob_true,0.6105529770950562,fallback,2208,computed,0.3786231884057971,,
interactive.robust_0.8B.ABA,,0.31178937004201834,0.3569142733917313,,Teacher-forced continuation scores from separate follow-up prompt framings; they are not probabilities extracted from the original generated explanation.,,1.0,Interactive ABA — 0.8B judge,2208,0.3117893700420184,False,,debater_ab_converted,,,,1130,2208,0.5117753623188406,,,,,,,,,,1.002706327020033,debater_prob_yes,0.4867316529985442,fallback,2208,computed,0.5086050724637681,,
interactive.robust_0.8B.BAB,3000,0.273608201899304,0.3032396849329773,3000,Teacher-forced continuation scores from separate follow-up prompt framings; they are not probabilities extracted from the original generated explanation.,1.0,,Interactive BAB — 0.8B judge,3000,0.273608201899304,,0.6553333333333333,yes_no,2,2,1.0,2394,3000,0.798,2,2,1.0,0.9,,0.6264085024084575,0.6391338525575353,0.5469169709420859,0.6166598085846622,0.8114157126629253,verdict_prob_belongs,0.5418555,all,,computed,0.41933333333333334,"[0.40178993003357655, 0.43708305756077603]",1258
interactive.robust_0.8B.BAB,3000,0.30999003622933813,0.30921860997784695,3000,Teacher-forced continuation scores from separate follow-up prompt framings; they are not probabilities extracted from the original generated explanation.,1.0,,Interactive BAB — 0.8B judge,3000,0.30999003622933813,,0.6553333333333333,true_false,0,0,,1934,3000,0.6446666666666667,0,0,,0.9,,0.6590100964960219,0.642005928858062,0.5189879618005268,0.5914222659626599,0.8198890501940799,boolean_prob_true,0.62362875,all,,computed,0.36733333333333335,"[0.3502625571583835, 0.384743430703403]",1102
interactive.robust_0.8B.BAB,3000,0.1832285319144165,0.2751560166512907,3000,Teacher-forced continuation scores from separate follow-up prompt framings; they are not probabilities extracted from the original generated explanation.,1.0,,Interactive BAB — 0.8B judge,3000,0.18322853191441651,,0.6553333333333333,debater_ab_converted,2,1,0.5,1507,3000,0.5023333333333333,4,2,0.5,0.9,,0.638845060731477,0.640240085042649,0.5040667900208112,0.49923607598436925,0.7515975223784293,debater_prob_yes,0.50856825,all,,computed,0.5116666666666667,"[0.4937761114359098, 0.5295273820938327]",1535
interactive.robust_0.8B.BAB,,0.3197465219374673,0.3145598005227677,,Teacher-forced continuation scores from separate follow-up prompt framings; they are not probabilities extracted from the original generated explanation.,,1.0,Interactive BAB — 0.8B judge,1034,0.31974652193746733,False,,yes_no,,,,428,1034,0.41392649903288203,,,,,,,,,,0.8354892006650685,verdict_prob_belongs,0.5271364878336964,non_fallback,1034,computed,0.3829787234042553,,
interactive.robust_0.8B.BAB,,0.36299346811961597,0.32787519872439425,,Teacher-forced continuation scores from separate follow-up prompt framings; they are not probabilities extracted from the original generated explanation.,,1.0,Interactive BAB — 0.8B judge,1034,0.36299346811961597,False,,true_false,,,,341,1034,0.32978723404255317,,,,,,,,,,0.8606101517743253,boolean_prob_true,0.6137013994018388,non_fallback,1034,computed,0.32011605415860733,,
interactive.robust_0.8B.BAB,,0.21422390078309123,0.2686714911676815,,Teacher-forced continuation scores from separate follow-up prompt framings; they are not probabilities extracted from the original generated explanation.,,1.0,Interactive BAB — 0.8B judge,1034,0.21422390078309123,False,,debater_ab_converted,,,,508,1034,0.4912959381044487,,,,,,,,,,0.7375458344226675,debater_prob_yes,0.527145718716538,non_fallback,1034,computed,0.5299806576402321,,
interactive.robust_0.8B.BAB,,0.24968094847301459,0.297285972054115,,Teacher-forced continuation scores from separate follow-up prompt framings; they are not probabilities extracted from the original generated explanation.,,1.0,Interactive BAB — 0.8B judge,1966,0.24968094847301459,True,,yes_no,,,,1966,1966,1.0,,,,,"On fallback records, the final prediction was selected from the Yes/No confidence argmax; prediction/agreement is therefore circular for that framing.",,,,,0.7987544783830598,verdict_prob_belongs,0.5474342737553106,fallback,1966,computed,0.43845371312309256,,
interactive.robust_0.8B.BAB,,0.28211335841929364,0.2994063450928368,,Teacher-forced continuation scores from separate follow-up prompt framings; they are not probabilities extracted from the original generated explanation.,,1.0,Interactive BAB — 0.8B judge,1966,0.28211335841929364,False,,true_false,,,,1593,1966,0.8102746693794507,,,,,,,,,,0.7984721534321402,boolean_prob_true,0.6306772250815122,fallback,1966,computed,0.39216683621566634,,
interactive.robust_0.8B.BAB,,0.1746718772678852,0.27856649444887555,,Teacher-forced continuation scores from separate follow-up prompt framings; they are not probabilities extracted from the original generated explanation.,,1.0,Interactive BAB — 0.8B judge,1966,0.1746718772678852,False,,debater_ab_converted,,,,999,1966,0.5081383519837233,,,,,,,,,,0.7589878811506866,debater_prob_yes,0.49835908939847123,fallback,1966,computed,0.5020345879959308,,
interactive.robust_0.8B.BAB_swapped_labels,3000,0.2699685675773339,0.30198063739130826,3000,Teacher-forced continuation scores from separate follow-up prompt framings; they are not probabilities extracted from the original generated explanation.,1.0,,Interactive BAB — displayed labels swapped,3000,0.2699685675773339,,0.6633333333333333,yes_no,1,1,1.0,2431,3000,0.8103333333333333,1,1,1.0,0.9,,0.6220762519026055,0.6394124420783225,0.5490405614858068,0.6193486007218993,0.8084016065558032,verdict_prob_belongs,0.5372405,all,,computed,0.42833333333333334,"[0.41072887520617823, 0.4461210931111185]",1285
interactive.robust_0.8B.BAB_swapped_labels,3000,0.28934830463699185,0.29882552991446115,3000,Teacher-forced continuation scores from separate follow-up prompt framings; they are not probabilities extracted from the original generated explanation.,1.0,,Interactive BAB — displayed labels swapped,3000,0.28934830463699185,,0.6633333333333333,true_false,0,0,,1939,3000,0.6463333333333333,0,0,,0.9,,0.6348822232751689,0.6269785790842144,0.5221605094050085,0.5846616347560045,0.7969853247361938,boolean_prob_true,0.60707975,all,,computed,0.38433333333333336,"[0.36708514391448455, 0.4018773630906409]",1153
interactive.robust_0.8B.BAB_swapped_labels,3000,0.3003942671974037,0.34308941595893916,3000,Teacher-forced continuation scores from separate follow-up prompt framings; they are not probabilities extracted from the original generated explanation.,1.0,,Interactive BAB — displayed labels swapped,3000,0.3003942671974037,,0.6633333333333333,debater_ab_converted,131,58,0.44274809160305345,1592,3000,0.5306666666666666,236,115,0.4872881355932203,0.9,,0.790831713000667,0.7948291974359306,0.517293038541282,0.5191798612609418,0.95161569767546,debater_prob_yes,0.505936,all,,computed,0.5046666666666667,"[0.4867809792879964, 0.5225404181239006]",1514
interactive.robust_0.8B.BAB_swapped_labels,,0.3054162135598575,0.31075425968668613,,Teacher-forced continuation scores from separate follow-up prompt framings; they are not probabilities extracted from the original generated explanation.,,1.0,Interactive BAB — displayed labels swapped,1010,0.3054162135598575,False,,yes_no,,,,441,1010,0.43663366336633663,,,,,,,,,,0.827036023666985,verdict_prob_belongs,0.5078096248607985,non_fallback,1010,computed,0.401980198019802,,
interactive.robust_0.8B.BAB_swapped_labels,,0.333469844266322,0.31432292694531894,,Teacher-forced continuation scores from separate follow-up prompt framings; they are not probabilities extracted from the original generated explanation.,,1.0,Interactive BAB — displayed labels swapped,1010,0.333469844266322,False,,true_false,,,,350,1010,0.3465346534653465,,,,,,,,,,0.8299439844728435,boolean_prob_true,0.5773339259854036,non_fallback,1010,computed,0.32772277227722774,,
interactive.robust_0.8B.BAB_swapped_labels,,0.30033453281064487,0.33918754788376876,,Teacher-forced continuation scores from separate follow-up prompt framings; they are not probabilities extracted from the original generated explanation.,,1.0,Interactive BAB — displayed labels swapped,1010,0.30033453281064487,False,,debater_ab_converted,,,,533,1010,0.5277227722772277,,,,,,,,,,0.9417614946313977,debater_prob_yes,0.5078478604782319,non_fallback,1010,computed,0.5108910891089109,,
interactive.robust_0.8B.BAB_swapped_labels,,0.251977551274646,0.29752769341224705,,Teacher-forced continuation scores from separate follow-up prompt framings; they are not probabilities extracted from the original generated explanation.,,1.0,Interactive BAB — displayed labels swapped,1990,0.251977551274646,True,,yes_no,,,,1990,1990,1.0,,,,,"On fallback records, the final prediction was selected from the Yes/No confidence argmax; prediction/agreement is therefore circular for that framing.",,,,,0.7989439375697258,verdict_prob_belongs,0.5467998709576549,fallback,1990,computed,0.44170854271356785,,
interactive.robust_0.8B.BAB_swapped_labels,,0.2672441742881973,0.2909600168485484,,Teacher-forced continuation scores from separate follow-up prompt framings; they are not probabilities extracted from the original generated explanation.,,1.0,Interactive BAB — displayed labels swapped,1990,0.2672441742881973,False,,true_false,,,,1589,1990,0.7984924623115578,,,,,,,,,,0.7802575627593011,boolean_prob_true,0.6206375264388166,fallback,1990,computed,0.4130653266331658,,
interactive.robust_0.8B.BAB_swapped_labels,,0.3004245846499797,0.3450697610624176,,Teacher-forced continuation scores from separate follow-up prompt framings; they are not probabilities extracted from the original generated explanation.,,1.0,Interactive BAB — displayed labels swapped,1990,0.3004245846499797,False,,debater_ab_converted,,,,1059,1990,0.5321608040201005,,,,,,,,,,0.9566170771098834,debater_prob_yes,0.5036345459129801,fallback,1990,computed,0.5015075376884423,,
statement.legacy_0.8B,1470,,,,Teacher-forced continuation scores from separate follow-up prompt framings; they are not probabilities extracted from the original generated explanation.,,,Statement — legacy,,,,,,,,,,,,,,,,,,,,,,,,all,,not_applicable_no_confidence_fields,,,
statement.older_pydantic_0.8B,3000,,,,Teacher-forced continuation scores from separate follow-up prompt framings; they are not probabilities extracted from the original generated explanation.,,,Statement — older Pydantic,,,,,,,,,,,,,,,,,,,,,,,,all,,not_applicable_no_confidence_fields,,,
statement.rejudge_2B,3000,0.14504599433567394,0.16070791140398225,3000,Teacher-forced continuation scores from separate follow-up prompt framings; they are not probabilities extracted from the original generated explanation.,1.0,,Statement — rejudged by 2B,3000,0.14504599433567394,,0.0,yes_no,953,28,0.02938090241343127,2430,3000,0.81,977,28,0.028659160696008188,0.9,,0.8390561784709877,0.6962804390530906,0.7749790373283232,0.5940244555064085,0.4759490936577843,verdict_prob_belongs,0.895384,all,,computed,0.739,"[0.7229858707572383, 0.7544028395520559]",2217
statement.rejudge_2B,3000,0.1140810500252262,0.19233863463920012,3000,Teacher-forced continuation scores from separate follow-up prompt framings; they are not probabilities extracted from the original generated explanation.,1.0,,Statement — rejudged by 2B,3000,0.11408105002522614,,0.0,true_false,13,0,0.0,2305,3000,0.7683333333333333,13,0,0.0,0.9,,0.7681740210452843,0.6833213416010523,0.6796694796040353,0.5948425765618652,0.5635857374793485,boolean_prob_true,0.80162325,all,,computed,0.6793333333333333,"[0.662411586625115, 0.6957963996320682]",2038
statement.rejudge_2B,3000,0.2332662902002073,0.30641747418776294,3000,Teacher-forced continuation scores from separate follow-up prompt framings; they are not probabilities extracted from the original generated explanation.,1.0,,Statement — rejudged by 2B,3000,0.2332662902002073,,0.0,debater_ab_converted,1,0,0.0,1490,3000,0.49666666666666665,1,0,0.0,0.9,,0.7187432344269487,0.7191646243996099,0.4991529702155637,0.5112718182777496,0.8261929610591744,debater_prob_yes,0.50181775,all,,computed,0.49366666666666664,"[0.47579570144424593, 0.5115538306396081]",1481
statement.rejudge_2B,,0.14504599433567394,0.16070791140398225,,Teacher-forced continuation scores from separate follow-up prompt framings; they are not probabilities extracted from the original generated explanation.,,1.0,Statement — rejudged by 2B,3000,0.14504599433567394,False,,yes_no,,,,2430,3000,0.81,,,,,,,,,,0.4759490936577843,verdict_prob_belongs,0.895384,non_fallback,3000,computed,0.739,,
statement.rejudge_2B,,0.1140810500252262,0.19233863463920012,,Teacher-forced continuation scores from separate follow-up prompt framings; they are not probabilities extracted from the original generated explanation.,,1.0,Statement — rejudged by 2B,3000,0.11408105002522614,False,,true_false,,,,2305,3000,0.7683333333333333,,,,,,,,,,0.5635857374793485,boolean_prob_true,0.80162325,non_fallback,3000,computed,0.6793333333333333,,
statement.rejudge_2B,,0.2332662902002073,0.30641747418776294,,Teacher-forced continuation scores from separate follow-up prompt framings; they are not probabilities extracted from the original generated explanation.,,1.0,Statement — rejudged by 2B,3000,0.2332662902002073,False,,debater_ab_converted,,,,1490,3000,0.49666666666666665,,,,,,,,,,0.8261929610591744,debater_prob_yes,0.50181775,non_fallback,3000,computed,0.49366666666666664,,
statement.robust_0.8B,3000,0.38507677162991183,0.3658003009997772,3000,Teacher-forced continuation scores from separate follow-up prompt framings; they are not probabilities extracted from the original generated explanation.,1.0,,Statement — 0.8B judge,3000,0.38507677162991183,,0.2986666666666667,yes_no,64,29,0.453125,1597,3000,0.5323333333333333,115,65,0.5652173913043478,0.9,,0.7369610289325719,0.7194974529133826,0.4722970944243013,0.6001773593893295,0.9788059911632655,verdict_prob_belongs,0.6061985,all,,computed,0.36566666666666664,"[0.34861451313190883, 0.38306240422562865]",1097
statement.robust_0.8B,3000,0.13444844374780973,0.22988366297219412,3000,Teacher-forced continuation scores from separate follow-up prompt framings; they are not probabilities extracted from the original generated explanation.,1.0,,Statement — 0.8B judge,3000,0.1344484437478098,,0.2986666666666667,true_false,0,0,,1708,3000,0.5693333333333334,0,0,,0.9,,0.5877670958960969,0.5632779808936599,0.5349731535956117,0.4810738095316532,0.6519811532967986,boolean_prob_true,0.633563,all,,computed,0.614,"[0.596444055655596, 0.6312643668350296]",1842
statement.robust_0.8B,3000,0.2783950069804368,0.3353174965851948,3000,Teacher-forced continuation scores from separate follow-up prompt framings; they are not probabilities extracted from the original generated explanation.,1.0,,Statement — 0.8B judge,3000,0.2783950069804368,,0.2986666666666667,debater_ab_converted,80,31,0.3875,1475,3000,0.49166666666666664,140,77,0.55,0.9,,0.7673386547120634,0.7666839158857884,0.4957040975389073,0.5069025860201635,0.920150616487261,debater_prob_yes,0.511769,all,,computed,0.48966666666666664,"[0.47180319820596484, 0.5075565646676918]",1469
statement.robust_0.8B,,0.4069807593493475,0.37851080942402554,,Teacher-forced continuation scores from separate follow-up prompt framings; they are not probabilities extracted from the original generated explanation.,,1.0,Statement — 0.8B judge,2104,0.4069807593493475,False,,yes_no,,,,701,2104,0.33317490494296575,,,,,,,,,,1.0111086499823794,verdict_prob_belongs,0.6082239691828655,non_fallback,2104,computed,0.3445817490494297,,
statement.robust_0.8B,,0.15295113478964328,0.2306758578756141,,Teacher-forced continuation scores from separate follow-up prompt framings; they are not probabilities extracted from the original generated explanation.,,1.0,Statement — 0.8B judge,2104,0.1529511347896433,False,,true_false,,,,1334,2104,0.6340304182509505,,,,,,,,,,0.6535690093794854,boolean_prob_true,0.6298397471563935,non_fallback,2104,computed,0.6083650190114068,,
statement.robust_0.8B,,0.2852288892997573,0.33811773042712334,,Teacher-forced continuation scores from separate follow-up prompt framings; they are not probabilities extracted from the original generated explanation.,,1.0,Statement — 0.8B judge,2104,0.2852288892997573,False,,debater_ab_converted,,,,1003,2104,0.4767110266159696,,,,,,,,,,0.9254547446795561,debater_prob_yes,0.5046903778614165,non_fallback,2104,computed,0.4833650190114068,,
statement.robust_0.8B,,0.33364151475302284,0.33595330353926534,,Teacher-forced continuation scores from separate follow-up prompt framings; they are not probabilities extracted from the original generated explanation.,,1.0,Statement — 0.8B judge,896,0.33364151475302284,True,,yes_no,,,,896,896,1.0,,,,,"On fallback records, the final prediction was selected from the Yes/No confidence argmax; prediction/agreement is therefore circular for that framing.",,,,,0.9029524262576679,verdict_prob_belongs,0.6131374535629854,fallback,896,computed,0.41517857142857145,,
statement.robust_0.8B,,0.0910001603192184,0.2280234195829133,,Teacher-forced continuation scores from separate follow-up prompt framings; they are not probabilities extracted from the original generated explanation.,,1.0,Statement — 0.8B judge,896,0.09100016031921838,False,,true_false,,,,374,896,0.4174107142857143,,,,,,,,,,0.6482525269597751,boolean_prob_true,0.6484215435583217,fallback,896,computed,0.6272321428571429,,
statement.robust_0.8B,,0.267053881161581,0.3287419474742376,,Teacher-forced continuation scores from separate follow-up prompt framings; they are not probabilities extracted from the original generated explanation.,,1.0,Statement — 0.8B judge,896,0.267053881161581,False,,debater_ab_converted,,,,472,896,0.5267857142857143,,,,,,,,,,0.907695386892854,debater_prob_yes,0.5262888449311955,fallback,896,computed,0.5044642857142857,,
