condition_id,family,stage,strict_accuracy,valid_only_accuracy,balanced_accuracy,accuracy_minus_always_no,always_no_accuracy,always_yes_accuracy,balanced_accuracy_minus_chance,beats_always_no_strictly,binary_correct,binary_evaluable,binary_evaluable_coverage,binary_incorrect,completion_rate,completion_status,display_name,duplicate_exact_key_count,eligible_for_primary_ranking,expected_record_count,expected_records,f1_yes,false_negative_rate,false_positive_rate,fn,fp,generation,invalid_prediction_count,invalid_prediction_rate,is_complete,majority_class_accuracy,majority_class_label,missing_prediction_count,missing_prediction_rate,missing_records,negative_predictive_value,negative_stage_contrast_note,no_prediction_rate,no_rate_among_valid_predictions,precision_yes,prediction_no,prediction_unknown,prediction_yes,sensitivity,similar_minus_unrelated_balanced_accuracy,similar_minus_unrelated_strict_accuracy,similar_minus_unrelated_valid_only_accuracy,specificity,stage_record_counts.Round 1: True Tag,stage_record_counts.Round 2: Unrelated Tag,stage_record_counts.Round 3: Similar Tag,strict_accuracy_confidence_interval_95,strict_false_negative_or_unresolved_rate,strict_false_positive_or_unresolved_rate,strict_sensitivity,strict_specificity,tn,total,tp,truth_no,truth_yes,unique_exact_key_count,unique_stage_pmid_count,unknown_handling,unknown_prediction_count,unknown_prediction_rate,unresolved_prediction,unresolved_truth_no,unresolved_truth_yes,unresolved_with_valid_truth,valid_binary_evaluable_count,valid_only_accuracy_confidence_interval_95,valid_only_balanced_accuracy,valid_prediction_count,valid_prediction_coverage,variant,yes_prediction_rate,yes_rate_among_valid_predictions
asymmetric_titleonly.baseline,baseline,Round 1: True Tag,0.6,0.6,,0.6,0.0,1.0,,True,600,1000,1.0,400,1.0,complete,Title-only asymmetric — baseline,0,True,1000,3000,0.7499999999999999,0.4,,400,,asymmetric_titleonly,0,0.0,True,1.0,Yes,0,0.0,0,0.0,Negative values mean Similar Tag cases were harder than Unrelated Tag cases.,0.4,0.4,1.0,400,,600,0.6,,-0.135,-0.135,,1000,1000,1000,"[0.5693094295142662, 0.6299252187886226]",0.4,,0.6,,,1000,600,,1000,3000,3000,Strict accuracy and balanced accuracy count unresolved predictions as failures; valid-only metrics exclude them.,0,0.0,0,,,,1000,"[0.5693094295142662, 0.6299252187886226]",,1000,1.0,,0.6,0.6
asymmetric_titleonly.baseline,baseline,Round 2: Unrelated Tag,0.93,0.93,,-0.06999999999999995,1.0,0.0,,False,930,1000,1.0,70,1.0,complete,Title-only asymmetric — baseline,0,True,1000,3000,,,0.07,,70,asymmetric_titleonly,0,0.0,True,1.0,No,0,0.0,0,1.0,Negative values mean Similar Tag cases were harder than Unrelated Tag cases.,0.93,0.93,0.0,930,,70,,,-0.135,-0.135,0.93,1000,1000,1000,"[0.9124853518487167, 0.9442236358537061]",,0.06999999999999995,,0.93,930,1000,,1000,,3000,3000,Strict accuracy and balanced accuracy count unresolved predictions as failures; valid-only metrics exclude them.,0,0.0,0,,,,1000,"[0.9124853518487167, 0.9442236358537061]",,1000,1.0,,0.07,0.07
asymmetric_titleonly.baseline,baseline,Round 3: Similar Tag,0.795,0.795,,-0.20499999999999996,1.0,0.0,,False,795,1000,1.0,205,1.0,complete,Title-only asymmetric — baseline,0,True,1000,3000,,,0.205,,205,asymmetric_titleonly,0,0.0,True,1.0,No,0,0.0,0,1.0,Negative values mean Similar Tag cases were harder than Unrelated Tag cases.,0.795,0.795,0.0,795,,205,,,-0.135,-0.135,0.795,1000,1000,1000,"[0.7688722989694241, 0.8188699135240984]",,0.20499999999999996,,0.795,795,1000,,1000,,3000,3000,Strict accuracy and balanced accuracy count unresolved predictions as failures; valid-only metrics exclude them.,0,0.0,0,,,,1000,"[0.7688722989694241, 0.8188699135240984]",,1000,1.0,,0.205,0.205
asymmetric_titleonly.interactive.ABA,interactive,Round 1: True Tag,0.56,0.56,,0.56,0.0,1.0,,True,560,1000,1.0,440,1.0,complete,Title-only asymmetric — interactive ABA,0,True,1000,3000,0.717948717948718,0.44,,440,,asymmetric_titleonly,0,0.0,True,1.0,Yes,0,0.0,0,0.0,Negative values mean Similar Tag cases were harder than Unrelated Tag cases.,0.44,0.44,1.0,440,,560,0.56,,-0.052999999999999936,-0.052999999999999936,,1000,1000,1000,"[0.5290626428712739, 0.5904781461104596]",0.43999999999999995,,0.56,,,1000,560,,1000,3000,3000,Strict accuracy and balanced accuracy count unresolved predictions as failures; valid-only metrics exclude them.,0,0.0,0,,,,1000,"[0.5290626428712739, 0.5904781461104596]",,1000,1.0,ABA,0.56,0.56
asymmetric_titleonly.interactive.ABA,interactive,Round 2: Unrelated Tag,0.832,0.832,,-0.16800000000000004,1.0,0.0,,False,832,1000,1.0,168,1.0,complete,Title-only asymmetric — interactive ABA,0,True,1000,3000,,,0.168,,168,asymmetric_titleonly,0,0.0,True,1.0,No,0,0.0,0,1.0,Negative values mean Similar Tag cases were harder than Unrelated Tag cases.,0.832,0.832,0.0,832,,168,,,-0.052999999999999936,-0.052999999999999936,0.832,1000,1000,1000,"[0.8075669791195391, 0.8538920532460522]",,0.16800000000000004,,0.832,832,1000,,1000,,3000,3000,Strict accuracy and balanced accuracy count unresolved predictions as failures; valid-only metrics exclude them.,0,0.0,0,,,,1000,"[0.8075669791195391, 0.8538920532460522]",,1000,1.0,ABA,0.168,0.168
asymmetric_titleonly.interactive.ABA,interactive,Round 3: Similar Tag,0.779,0.779,,-0.22099999999999997,1.0,0.0,,False,779,1000,1.0,221,1.0,complete,Title-only asymmetric — interactive ABA,0,True,1000,3000,,,0.221,,221,asymmetric_titleonly,0,0.0,True,1.0,No,0,0.0,0,1.0,Negative values mean Similar Tag cases were harder than Unrelated Tag cases.,0.779,0.779,0.0,779,,221,,,-0.052999999999999936,-0.052999999999999936,0.779,1000,1000,1000,"[0.7522428263299143, 0.803621842435146]",,0.22099999999999997,,0.779,779,1000,,1000,,3000,3000,Strict accuracy and balanced accuracy count unresolved predictions as failures; valid-only metrics exclude them.,0,0.0,0,,,,1000,"[0.7522428263299143, 0.803621842435146]",,1000,1.0,ABA,0.221,0.221
asymmetric_titleonly.statement,statement,Round 1: True Tag,0.6,0.6,,0.6,0.0,1.0,,True,600,1000,1.0,400,1.0,complete,Title-only asymmetric — statements,0,True,1000,3000,0.7499999999999999,0.4,,400,,asymmetric_titleonly,0,0.0,True,1.0,Yes,0,0.0,0,0.0,Negative values mean Similar Tag cases were harder than Unrelated Tag cases.,0.4,0.4,1.0,400,,600,0.6,,-0.07699999999999996,-0.07699999999999996,,1000,1000,1000,"[0.5693094295142662, 0.6299252187886226]",0.4,,0.6,,,1000,600,,1000,3000,3000,Strict accuracy and balanced accuracy count unresolved predictions as failures; valid-only metrics exclude them.,0,0.0,0,,,,1000,"[0.5693094295142662, 0.6299252187886226]",,1000,1.0,independent_statements,0.6,0.6
asymmetric_titleonly.statement,statement,Round 2: Unrelated Tag,0.888,0.888,,-0.11199999999999999,1.0,0.0,,False,888,1000,1.0,112,1.0,complete,Title-only asymmetric — statements,0,True,1000,3000,,,0.112,,112,asymmetric_titleonly,0,0.0,True,1.0,No,0,0.0,0,1.0,Negative values mean Similar Tag cases were harder than Unrelated Tag cases.,0.888,0.888,0.0,888,,112,,,-0.07699999999999996,-0.07699999999999996,0.888,1000,1000,1000,"[0.8669499763240903, 0.906080459091119]",,0.11199999999999999,,0.888,888,1000,,1000,,3000,3000,Strict accuracy and balanced accuracy count unresolved predictions as failures; valid-only metrics exclude them.,0,0.0,0,,,,1000,"[0.8669499763240903, 0.906080459091119]",,1000,1.0,independent_statements,0.112,0.112
asymmetric_titleonly.statement,statement,Round 3: Similar Tag,0.811,0.811,,-0.18899999999999995,1.0,0.0,,False,811,1000,1.0,189,1.0,complete,Title-only asymmetric — statements,0,True,1000,3000,,,0.189,,189,asymmetric_titleonly,0,0.0,True,1.0,No,0,0.0,0,1.0,Negative values mean Similar Tag cases were harder than Unrelated Tag cases.,0.811,0.811,0.0,811,,189,,,-0.07699999999999996,-0.07699999999999996,0.811,1000,1000,1000,"[0.7855616182967687, 0.8340581379252162]",,0.18899999999999995,,0.811,811,1000,,1000,,3000,3000,Strict accuracy and balanced accuracy count unresolved predictions as failures; valid-only metrics exclude them.,0,0.0,0,,,,1000,"[0.7855616182967687, 0.8340581379252162]",,1000,1.0,independent_statements,0.189,0.189
baseline.legacy_0.8B,baseline,Round 1: True Tag,0.307,0.575984990619137,,0.307,0.0,1.0,,True,307,533,0.533,226,0.3963333333333333,partial_or_invalid,Baseline 0.8B — legacy,0,False,1000,3000,0.730952380952381,0.42401500938086306,,226,,legacy,0,0.0,False,1.0,Yes,0,0.0,1811,0.0,Negative values mean Similar Tag cases were harder than Unrelated Tag cases.,0.226,0.42401500938086306,1.0,226,467,307,0.575984990619137,,,,,1000,189,,"[0.27919575142340997, 0.3362813773520143]",0.6930000000000001,,0.307,,,1000,307,,1000,1189,1189,Strict accuracy and balanced accuracy count unresolved predictions as failures; valid-only metrics exclude them.,467,0.467,467,,467,467,533,"[0.5336334017164366, 0.6172491329110803]",,533,0.533,,0.307,0.575984990619137
baseline.legacy_0.8B,baseline,Round 2: Unrelated Tag,0.8835978835978836,0.9823529411764705,,-0.1164021164021164,1.0,0.0,,False,167,170,0.8994708994708994,3,0.3963333333333333,partial_or_invalid,Baseline 0.8B — legacy,0,False,1000,3000,,,0.01764705882352941,,3,legacy,0,0.0,False,1.0,No,0,0.0,1811,1.0,Negative values mean Similar Tag cases were harder than Unrelated Tag cases.,0.8835978835978836,0.9823529411764705,0.0,167,19,3,,,,,0.9823529411764705,1000,189,,"[0.830051749306066, 0.9218612515949614]",,0.1164021164021164,,0.8835978835978836,167,189,,189,,1189,1189,Strict accuracy and balanced accuracy count unresolved predictions as failures; valid-only metrics exclude them.,19,0.10052910052910052,19,19,,19,170,"[0.9494077520056105, 0.9939805577367452]",,170,0.8994708994708994,,0.015873015873015872,0.01764705882352941
baseline.legacy_0.8B,baseline,Round 3: Similar Tag,,,,,,,,,0,0,,0,0.3963333333333333,partial_or_invalid,Baseline 0.8B — legacy,0,False,1000,3000,,,,,,legacy,0,,False,,No,0,,1811,,Negative values mean Similar Tag cases were harder than Unrelated Tag cases.,,,,,,,,,,,,1000,189,,,,,,,,,,,,1189,1189,Strict accuracy and balanced accuracy count unresolved predictions as failures; valid-only metrics exclude them.,0,,0,,,,0,,,0,,,,
baseline.older_pydantic_0.8B,baseline,Round 1: True Tag,0.732,0.732,,0.732,0.0,1.0,,True,732,1000,1.0,268,1.0,complete,Baseline 0.8B — older Pydantic,0,True,1000,3000,0.8452655889145496,0.268,,268,,older_pydantic,0,0.0,True,1.0,Yes,0,0.0,0,0.0,Negative values mean Similar Tag cases were harder than Unrelated Tag cases.,0.268,0.268,1.0,268,,732,0.732,,-0.132,-0.132,,1000,1000,1000,"[0.7036985754211434, 0.758525808641559]",0.268,,0.732,,,1000,732,,1000,3000,3000,Strict accuracy and balanced accuracy count unresolved predictions as failures; valid-only metrics exclude them.,0,0.0,0,,,,1000,"[0.7036985754211434, 0.758525808641559]",,1000,1.0,,0.732,0.732
baseline.older_pydantic_0.8B,baseline,Round 2: Unrelated Tag,0.902,0.902,,-0.09799999999999998,1.0,0.0,,False,902,1000,1.0,98,1.0,complete,Baseline 0.8B — older Pydantic,0,True,1000,3000,,,0.098,,98,older_pydantic,0,0.0,True,1.0,No,0,0.0,0,1.0,Negative values mean Similar Tag cases were harder than Unrelated Tag cases.,0.902,0.902,0.0,902,,98,,,-0.132,-0.132,0.902,1000,1000,1000,"[0.882005297700964, 0.9189179884766496]",,0.09799999999999998,,0.902,902,1000,,1000,,3000,3000,Strict accuracy and balanced accuracy count unresolved predictions as failures; valid-only metrics exclude them.,0,0.0,0,,,,1000,"[0.882005297700964, 0.9189179884766496]",,1000,1.0,,0.098,0.098
baseline.older_pydantic_0.8B,baseline,Round 3: Similar Tag,0.77,0.77,,-0.22999999999999998,1.0,0.0,,False,770,1000,1.0,230,1.0,complete,Baseline 0.8B — older Pydantic,0,True,1000,3000,,,0.23,,230,older_pydantic,0,0.0,True,1.0,No,0,0.0,0,1.0,Negative values mean Similar Tag cases were harder than Unrelated Tag cases.,0.77,0.77,0.0,770,,230,,,-0.132,-0.132,0.77,1000,1000,1000,"[0.7429132441380307, 0.7950203062797695]",,0.22999999999999998,,0.77,770,1000,,1000,,3000,3000,Strict accuracy and balanced accuracy count unresolved predictions as failures; valid-only metrics exclude them.,0,0.0,0,,,,1000,"[0.7429132441380307, 0.7950203062797695]",,1000,1.0,,0.23,0.23
baseline.robust_0.8B.no_manual,baseline,Round 1: True Tag,0.769,0.769,,0.769,0.0,1.0,,True,769,1000,1.0,231,1.0,complete,Baseline 0.8B — no manual,0,True,1000,3000,0.8694177501413227,0.231,,231,,robust_0.8B,0,0.0,True,1.0,Yes,0,0.0,0,0.0,Negative values mean Similar Tag cases were harder than Unrelated Tag cases.,0.231,0.231,1.0,231,,769,0.769,,-0.09300000000000008,-0.09300000000000008,,1000,1000,1000,"[0.7418776678486424, 0.7940635360861289]",0.23099999999999998,,0.769,,,1000,769,,1000,3000,3000,Strict accuracy and balanced accuracy count unresolved predictions as failures; valid-only metrics exclude them.,0,0.0,0,,,,1000,"[0.7418776678486424, 0.7940635360861289]",,1000,1.0,,0.769,0.769
baseline.robust_0.8B.no_manual,baseline,Round 2: Unrelated Tag,0.912,0.912,,-0.08799999999999997,1.0,0.0,,False,912,1000,1.0,88,1.0,complete,Baseline 0.8B — no manual,0,True,1000,3000,,,0.088,,88,robust_0.8B,0,0.0,True,1.0,No,0,0.0,0,1.0,Negative values mean Similar Tag cases were harder than Unrelated Tag cases.,0.912,0.912,0.0,912,,88,,,-0.09300000000000008,-0.09300000000000008,0.912,1000,1000,1000,"[0.8928277489502235, 0.9280190020576792]",,0.08799999999999997,,0.912,912,1000,,1000,,3000,3000,Strict accuracy and balanced accuracy count unresolved predictions as failures; valid-only metrics exclude them.,0,0.0,0,,,,1000,"[0.8928277489502235, 0.9280190020576792]",,1000,1.0,,0.088,0.088
baseline.robust_0.8B.no_manual,baseline,Round 3: Similar Tag,0.819,0.819,,-0.18100000000000005,1.0,0.0,,False,819,1000,1.0,181,1.0,complete,Baseline 0.8B — no manual,0,True,1000,3000,,,0.181,,181,robust_0.8B,0,0.0,True,1.0,No,0,0.0,0,1.0,Negative values mean Similar Tag cases were harder than Unrelated Tag cases.,0.819,0.819,0.0,819,,181,,,-0.09300000000000008,-0.09300000000000008,0.819,1000,1000,1000,"[0.7939304685301967, 0.841628059556019]",,0.18100000000000005,,0.819,819,1000,,1000,,3000,3000,Strict accuracy and balanced accuracy count unresolved predictions as failures; valid-only metrics exclude them.,0,0.0,0,,,,1000,"[0.7939304685301967, 0.841628059556019]",,1000,1.0,,0.181,0.181
baseline.robust_0.8B.with_manual,baseline,Round 1: True Tag,0.646,0.646,,0.646,0.0,1.0,,True,646,1000,1.0,354,1.0,complete,Baseline 0.8B — with manual,0,True,1000,3000,0.7849331713244229,0.354,,354,,robust_0.8B,0,0.0,True,1.0,Yes,0,0.0,0,0.0,Negative values mean Similar Tag cases were harder than Unrelated Tag cases.,0.354,0.354,1.0,354,,646,0.646,,-0.09700000000000009,-0.09700000000000009,,1000,1000,1000,"[0.6158536169290485, 0.6750289695931695]",0.354,,0.646,,,1000,646,,1000,3000,3000,Strict accuracy and balanced accuracy count unresolved predictions as failures; valid-only metrics exclude them.,0,0.0,0,,,,1000,"[0.6158536169290485, 0.6750289695931695]",,1000,1.0,,0.646,0.646
baseline.robust_0.8B.with_manual,baseline,Round 2: Unrelated Tag,0.928,0.928,,-0.07199999999999995,1.0,0.0,,False,928,1000,1.0,72,1.0,complete,Baseline 0.8B — with manual,0,True,1000,3000,,,0.072,,72,robust_0.8B,0,0.0,True,1.0,No,0,0.0,0,1.0,Negative values mean Similar Tag cases were harder than Unrelated Tag cases.,0.928,0.928,0.0,928,,72,,,-0.09700000000000009,-0.09700000000000009,0.928,1000,1000,1000,"[0.9102882164172793, 0.9424360783190856]",,0.07199999999999995,,0.928,928,1000,,1000,,3000,3000,Strict accuracy and balanced accuracy count unresolved predictions as failures; valid-only metrics exclude them.,0,0.0,0,,,,1000,"[0.9102882164172793, 0.9424360783190856]",,1000,1.0,,0.072,0.072
baseline.robust_0.8B.with_manual,baseline,Round 3: Similar Tag,0.831,0.831,,-0.16900000000000004,1.0,0.0,,False,831,1000,1.0,169,1.0,complete,Baseline 0.8B — with manual,0,True,1000,3000,,,0.169,,169,robust_0.8B,0,0.0,True,1.0,No,0,0.0,0,1.0,Negative values mean Similar Tag cases were harder than Unrelated Tag cases.,0.831,0.831,0.0,831,,169,,,-0.09700000000000009,-0.09700000000000009,0.831,1000,1000,1000,"[0.806516311368376, 0.8529503745141864]",,0.16900000000000004,,0.831,831,1000,,1000,,3000,3000,Strict accuracy and balanced accuracy count unresolved predictions as failures; valid-only metrics exclude them.,0,0.0,0,,,,1000,"[0.806516311368376, 0.8529503745141864]",,1000,1.0,,0.169,0.169
baseline.robust_2B.no_manual,baseline,Round 1: True Tag,0.837,0.837,,0.837,0.0,1.0,,True,837,1000,1.0,163,1.0,complete,Baseline 2B — no manual,0,True,1000,3000,0.9112683723462166,0.163,,163,,rejudge_2B,0,0.0,True,1.0,Yes,0,0.0,0,0.0,Negative values mean Similar Tag cases were harder than Unrelated Tag cases.,0.163,0.163,1.0,163,,837,0.837,,-0.119,-0.119,,1000,1000,1000,"[0.8128247624397997, 0.858596002340936]",0.16300000000000003,,0.837,,,1000,837,,1000,3000,3000,Strict accuracy and balanced accuracy count unresolved predictions as failures; valid-only metrics exclude them.,0,0.0,0,,,,1000,"[0.8128247624397997, 0.858596002340936]",,1000,1.0,,0.837,0.837
baseline.robust_2B.no_manual,baseline,Round 2: Unrelated Tag,0.945,0.945,,-0.05500000000000005,1.0,0.0,,False,945,1000,1.0,55,1.0,complete,Baseline 2B — no manual,0,True,1000,3000,,,0.055,,55,rejudge_2B,0,0.0,True,1.0,No,0,0.0,0,1.0,Negative values mean Similar Tag cases were harder than Unrelated Tag cases.,0.945,0.945,0.0,945,,55,,,-0.119,-0.119,0.945,1000,1000,1000,"[0.9290916123226243, 0.9575025726252315]",,0.05500000000000005,,0.945,945,1000,,1000,,3000,3000,Strict accuracy and balanced accuracy count unresolved predictions as failures; valid-only metrics exclude them.,0,0.0,0,,,,1000,"[0.9290916123226243, 0.9575025726252315]",,1000,1.0,,0.055,0.055
baseline.robust_2B.no_manual,baseline,Round 3: Similar Tag,0.826,0.826,,-0.17400000000000004,1.0,0.0,,False,826,1000,1.0,174,1.0,complete,Baseline 2B — no manual,0,True,1000,3000,,,0.174,,174,rejudge_2B,0,0.0,True,1.0,No,0,0.0,0,1.0,Negative values mean Similar Tag cases were harder than Unrelated Tag cases.,0.826,0.826,0.0,826,,174,,,-0.119,-0.119,0.826,1000,1000,1000,"[0.8012673037329014, 0.8482376497345165]",,0.17400000000000004,,0.826,826,1000,,1000,,3000,3000,Strict accuracy and balanced accuracy count unresolved predictions as failures; valid-only metrics exclude them.,0,0.0,0,,,,1000,"[0.8012673037329014, 0.8482376497345165]",,1000,1.0,,0.174,0.174
baseline.robust_2B.with_manual,baseline,Round 1: True Tag,0.781,0.781,,0.781,0.0,1.0,,True,781,1000,1.0,219,1.0,complete,Baseline 2B — with manual,0,True,1000,3000,0.8770353733857383,0.219,,219,,rejudge_2B,0,0.0,True,1.0,Yes,0,0.0,0,0.0,Negative values mean Similar Tag cases were harder than Unrelated Tag cases.,0.219,0.219,1.0,219,,781,0.781,,-0.09300000000000008,-0.09300000000000008,,1000,1000,1000,"[0.7543184071059555, 0.8055309546251624]",0.21899999999999997,,0.781,,,1000,781,,1000,3000,3000,Strict accuracy and balanced accuracy count unresolved predictions as failures; valid-only metrics exclude them.,0,0.0,0,,,,1000,"[0.7543184071059555, 0.8055309546251624]",,1000,1.0,,0.781,0.781
baseline.robust_2B.with_manual,baseline,Round 2: Unrelated Tag,0.931,0.931,,-0.06899999999999995,1.0,0.0,,False,931,1000,1.0,69,1.0,complete,Baseline 2B — with manual,0,True,1000,3000,,,0.069,,69,rejudge_2B,0,0.0,True,1.0,No,0,0.0,0,1.0,Negative values mean Similar Tag cases were harder than Unrelated Tag cases.,0.931,0.931,0.0,931,,69,,,-0.09300000000000008,-0.09300000000000008,0.931,1000,1000,1000,"[0.9135852797713628, 0.9451160544140889]",,0.06899999999999995,,0.931,931,1000,,1000,,3000,3000,Strict accuracy and balanced accuracy count unresolved predictions as failures; valid-only metrics exclude them.,0,0.0,0,,,,1000,"[0.9135852797713628, 0.9451160544140889]",,1000,1.0,,0.069,0.069
baseline.robust_2B.with_manual,baseline,Round 3: Similar Tag,0.838,0.838,,-0.16200000000000003,1.0,0.0,,False,838,1000,1.0,162,1.0,complete,Baseline 2B — with manual,0,True,1000,3000,,,0.162,,162,rejudge_2B,0,0.0,True,1.0,No,0,0.0,0,1.0,Negative values mean Similar Tag cases were harder than Unrelated Tag cases.,0.838,0.838,0.0,838,,162,,,-0.09300000000000008,-0.09300000000000008,0.838,1000,1000,1000,"[0.8138772231121078, 0.8595358881516569]",,0.16200000000000003,,0.838,838,1000,,1000,,3000,3000,Strict accuracy and balanced accuracy count unresolved predictions as failures; valid-only metrics exclude them.,0,0.0,0,,,,1000,"[0.8138772231121078, 0.8595358881516569]",,1000,1.0,,0.162,0.162
baseline.robust_4B.no_manual,baseline,Round 1: True Tag,0.947,0.947,,0.947,0.0,1.0,,True,947,1000,1.0,53,1.0,complete,Baseline 4B — no manual,0,True,1000,3000,0.9727786337955828,0.053,,53,,rejudge_4B,0,0.0,True,1.0,Yes,0,0.0,0,0.0,Negative values mean Similar Tag cases were harder than Unrelated Tag cases.,0.053,0.053,1.0,53,,947,0.947,,-0.14100000000000001,-0.14100000000000001,,1000,1000,1000,"[0.9313253831625082, 0.9592534947514054]",0.05300000000000005,,0.947,,,1000,947,,1000,3000,3000,Strict accuracy and balanced accuracy count unresolved predictions as failures; valid-only metrics exclude them.,0,0.0,0,,,,1000,"[0.9313253831625082, 0.9592534947514054]",,1000,1.0,,0.947,0.947
baseline.robust_4B.no_manual,baseline,Round 2: Unrelated Tag,0.802,0.802,,-0.19799999999999995,1.0,0.0,,False,802,1000,1.0,198,1.0,complete,Baseline 4B — no manual,0,True,1000,3000,,,0.198,,198,rejudge_4B,0,0.0,True,1.0,No,0,0.0,0,1.0,Negative values mean Similar Tag cases were harder than Unrelated Tag cases.,0.802,0.802,0.0,802,,198,,,-0.14100000000000001,-0.14100000000000001,0.802,1000,1000,1000,"[0.776166200305855, 0.8255224375688698]",,0.19799999999999995,,0.802,802,1000,,1000,,3000,3000,Strict accuracy and balanced accuracy count unresolved predictions as failures; valid-only metrics exclude them.,0,0.0,0,,,,1000,"[0.776166200305855, 0.8255224375688698]",,1000,1.0,,0.198,0.198
baseline.robust_4B.no_manual,baseline,Round 3: Similar Tag,0.661,0.661,,-0.33899999999999997,1.0,0.0,,False,661,1000,1.0,339,1.0,complete,Baseline 4B — no manual,0,True,1000,3000,,,0.339,,339,rejudge_4B,0,0.0,True,1.0,No,0,0.0,0,1.0,Negative values mean Similar Tag cases were harder than Unrelated Tag cases.,0.661,0.661,0.0,661,,339,,,-0.14100000000000001,-0.14100000000000001,0.661,1000,1000,1000,"[0.6310943749213436, 0.6896734088463077]",,0.33899999999999997,,0.661,661,1000,,1000,,3000,3000,Strict accuracy and balanced accuracy count unresolved predictions as failures; valid-only metrics exclude them.,0,0.0,0,,,,1000,"[0.6310943749213436, 0.6896734088463077]",,1000,1.0,,0.339,0.339
baseline.robust_4B.with_manual,baseline,Round 1: True Tag,0.995,0.995,,0.995,0.0,1.0,,True,995,1000,1.0,5,1.0,complete,Baseline 4B — with manual,0,True,1000,3000,0.9974937343358395,0.005,,5,,rejudge_4B,0,0.0,True,1.0,Yes,0,0.0,0,0.0,Negative values mean Similar Tag cases were harder than Unrelated Tag cases.,0.005,0.005,1.0,5,,995,0.995,,-0.175,-0.175,,1000,1000,1000,"[0.9883490446266249, 0.9978624644726756]",0.0050000000000000044,,0.995,,,1000,995,,1000,3000,3000,Strict accuracy and balanced accuracy count unresolved predictions as failures; valid-only metrics exclude them.,0,0.0,0,,,,1000,"[0.9883490446266249, 0.9978624644726756]",,1000,1.0,,0.995,0.995
baseline.robust_4B.with_manual,baseline,Round 2: Unrelated Tag,0.41,0.41,,-0.5900000000000001,1.0,0.0,,False,410,1000,1.0,590,1.0,complete,Baseline 4B — with manual,0,True,1000,3000,,,0.59,,590,rejudge_4B,0,0.0,True,1.0,No,0,0.0,0,1.0,Negative values mean Similar Tag cases were harder than Unrelated Tag cases.,0.41,0.41,0.0,410,,590,,,-0.175,-0.175,0.41,1000,1000,1000,"[0.3799172576460708, 0.4407715588813291]",,0.5900000000000001,,0.41,410,1000,,1000,,3000,3000,Strict accuracy and balanced accuracy count unresolved predictions as failures; valid-only metrics exclude them.,0,0.0,0,,,,1000,"[0.3799172576460708, 0.4407715588813291]",,1000,1.0,,0.59,0.59
baseline.robust_4B.with_manual,baseline,Round 3: Similar Tag,0.235,0.235,,-0.765,1.0,0.0,,False,235,1000,1.0,765,1.0,complete,Baseline 4B — with manual,0,True,1000,3000,,,0.765,,765,rejudge_4B,0,0.0,True,1.0,No,0,0.0,0,1.0,Negative values mean Similar Tag cases were harder than Unrelated Tag cases.,0.235,0.235,0.0,235,,765,,,-0.175,-0.175,0.235,1000,1000,1000,"[0.20976558842625362, 0.2622625935710906]",,0.765,,0.235,235,1000,,1000,,3000,3000,Strict accuracy and balanced accuracy count unresolved predictions as failures; valid-only metrics exclude them.,0,0.0,0,,,,1000,"[0.20976558842625362, 0.2622625935710906]",,1000,1.0,,0.765,0.765
interactive.legacy_0.8B.ABA,interactive,Round 1: True Tag,0.074,0.4966442953020134,,0.074,0.0,1.0,,True,74,149,0.149,75,0.407,partial_or_invalid,Interactive ABA — legacy,0,False,1000,3000,0.6636771300448431,0.5033557046979866,,75,,legacy,0,0.0,False,1.0,Yes,0,0.0,1779,0.0,Negative values mean Similar Tag cases were harder than Unrelated Tag cases.,0.075,0.5033557046979866,1.0,75,851,74,0.4966442953020134,,,,,1000,221,,"[0.05935499258410698, 0.09190540564558597]",0.926,,0.074,,,1000,74,,1000,1221,1221,Strict accuracy and balanced accuracy count unresolved predictions as failures; valid-only metrics exclude them.,851,0.851,851,,851,851,149,"[0.41746244831818713, 0.5759948242849672]",,149,0.149,ABA,0.074,0.4966442953020134
interactive.legacy_0.8B.ABA,interactive,Round 2: Unrelated Tag,0.2579185520361991,0.7037037037037037,,-0.7420814479638009,1.0,0.0,,False,57,81,0.3665158371040724,24,0.407,partial_or_invalid,Interactive ABA — legacy,0,False,1000,3000,,,0.2962962962962963,,24,legacy,0,0.0,False,1.0,No,0,0.0,1779,1.0,Negative values mean Similar Tag cases were harder than Unrelated Tag cases.,0.2579185520361991,0.7037037037037037,0.0,57,140,24,,,,,0.7037037037037037,1000,221,,"[0.20472085917208527, 0.3193882594876988]",,0.7420814479638009,,0.2579185520361991,57,221,,221,,1221,1221,Strict accuracy and balanced accuracy count unresolved predictions as failures; valid-only metrics exclude them.,140,0.6334841628959276,140,140,,140,81,"[0.5968803504924756, 0.7920804295165405]",,81,0.3665158371040724,ABA,0.1085972850678733,0.2962962962962963
interactive.legacy_0.8B.ABA,interactive,Round 3: Similar Tag,,,,,,,,,0,0,,0,0.407,partial_or_invalid,Interactive ABA — legacy,0,False,1000,3000,,,,,,legacy,0,,False,,No,0,,1779,,Negative values mean Similar Tag cases were harder than Unrelated Tag cases.,,,,,,,,,,,,1000,221,,,,,,,,,,,,1221,1221,Strict accuracy and balanced accuracy count unresolved predictions as failures; valid-only metrics exclude them.,0,,0,,,,0,,,0,,ABA,,
interactive.rejudge_2B.ABA,interactive,Round 1: True Tag,0.664,0.664,,0.664,0.0,1.0,,True,664,1000,1.0,336,1.0,complete,Interactive ABA — rejudged by 2B,0,True,1000,3000,0.798076923076923,0.336,,336,,rejudge_2B,0,0.0,True,1.0,Yes,0,0.0,0,0.0,Negative values mean Similar Tag cases were harder than Unrelated Tag cases.,0.336,0.336,1.0,336,,664,0.664,,-0.07099999999999995,-0.07099999999999995,,1000,1000,1000,"[0.6341464130394475, 0.6925984101772905]",0.33599999999999997,,0.664,,,1000,664,,1000,3000,3000,Strict accuracy and balanced accuracy count unresolved predictions as failures; valid-only metrics exclude them.,0,0.0,0,,,,1000,"[0.6341464130394475, 0.6925984101772905]",,1000,1.0,ABA,0.664,0.664
interactive.rejudge_2B.ABA,interactive,Round 2: Unrelated Tag,0.831,0.831,,-0.16900000000000004,1.0,0.0,,False,831,1000,1.0,169,1.0,complete,Interactive ABA — rejudged by 2B,0,True,1000,3000,,,0.169,,169,rejudge_2B,0,0.0,True,1.0,No,0,0.0,0,1.0,Negative values mean Similar Tag cases were harder than Unrelated Tag cases.,0.831,0.831,0.0,831,,169,,,-0.07099999999999995,-0.07099999999999995,0.831,1000,1000,1000,"[0.806516311368376, 0.8529503745141864]",,0.16900000000000004,,0.831,831,1000,,1000,,3000,3000,Strict accuracy and balanced accuracy count unresolved predictions as failures; valid-only metrics exclude them.,0,0.0,0,,,,1000,"[0.806516311368376, 0.8529503745141864]",,1000,1.0,ABA,0.169,0.169
interactive.rejudge_2B.ABA,interactive,Round 3: Similar Tag,0.76,0.76,,-0.24,1.0,0.0,,False,760,1000,1.0,240,1.0,complete,Interactive ABA — rejudged by 2B,0,True,1000,3000,,,0.24,,240,rejudge_2B,0,0.0,True,1.0,No,0,0.0,0,1.0,Negative values mean Similar Tag cases were harder than Unrelated Tag cases.,0.76,0.76,0.0,760,,240,,,-0.07099999999999995,-0.07099999999999995,0.76,1000,1000,1000,"[0.7325666107750539, 0.7854434748124575]",,0.24,,0.76,760,1000,,1000,,3000,3000,Strict accuracy and balanced accuracy count unresolved predictions as failures; valid-only metrics exclude them.,0,0.0,0,,,,1000,"[0.7325666107750539, 0.7854434748124575]",,1000,1.0,ABA,0.24,0.24
interactive.rejudge_2B.BAB,interactive,Round 1: True Tag,0.732,0.732,,0.732,0.0,1.0,,True,732,1000,1.0,268,1.0,complete,Interactive BAB — rejudged by 2B,0,True,1000,3000,0.8452655889145496,0.268,,268,,rejudge_2B,0,0.0,True,1.0,Yes,0,0.0,0,0.0,Negative values mean Similar Tag cases were harder than Unrelated Tag cases.,0.268,0.268,1.0,268,,732,0.732,,-0.05700000000000005,-0.05700000000000005,,1000,1000,1000,"[0.7036985754211434, 0.758525808641559]",0.268,,0.732,,,1000,732,,1000,3000,3000,Strict accuracy and balanced accuracy count unresolved predictions as failures; valid-only metrics exclude them.,0,0.0,0,,,,1000,"[0.7036985754211434, 0.758525808641559]",,1000,1.0,BAB,0.732,0.732
interactive.rejudge_2B.BAB,interactive,Round 2: Unrelated Tag,0.774,0.774,,-0.22599999999999998,1.0,0.0,,False,774,1000,1.0,226,1.0,complete,Interactive BAB — rejudged by 2B,0,True,1000,3000,,,0.226,,226,rejudge_2B,0,0.0,True,1.0,No,0,0.0,0,1.0,Negative values mean Similar Tag cases were harder than Unrelated Tag cases.,0.774,0.774,0.0,774,,226,,,-0.05700000000000005,-0.05700000000000005,0.774,1000,1000,1000,"[0.7470576210232625, 0.7988453153266535]",,0.22599999999999998,,0.774,774,1000,,1000,,3000,3000,Strict accuracy and balanced accuracy count unresolved predictions as failures; valid-only metrics exclude them.,0,0.0,0,,,,1000,"[0.7470576210232625, 0.7988453153266535]",,1000,1.0,BAB,0.226,0.226
interactive.rejudge_2B.BAB,interactive,Round 3: Similar Tag,0.717,0.717,,-0.28300000000000003,1.0,0.0,,False,717,1000,1.0,283,1.0,complete,Interactive BAB — rejudged by 2B,0,True,1000,3000,,,0.283,,283,rejudge_2B,0,0.0,True,1.0,No,0,0.0,0,1.0,Negative values mean Similar Tag cases were harder than Unrelated Tag cases.,0.717,0.717,0.0,717,,283,,,-0.05700000000000005,-0.05700000000000005,0.717,1000,1000,1000,"[0.6882916278055017, 0.7440475590117673]",,0.28300000000000003,,0.717,717,1000,,1000,,3000,3000,Strict accuracy and balanced accuracy count unresolved predictions as failures; valid-only metrics exclude them.,0,0.0,0,,,,1000,"[0.6882916278055017, 0.7440475590117673]",,1000,1.0,BAB,0.283,0.283
interactive.robust_0.8B.ABA,interactive,Round 1: True Tag,0.773,0.773,,0.773,0.0,1.0,,True,773,1000,1.0,227,1.0,complete,Interactive ABA — 0.8B judge,0,True,1000,3000,0.8719684151156232,0.227,,227,,robust_0.8B,0,0.0,True,1.0,Yes,0,0.0,0,0.0,Negative values mean Similar Tag cases were harder than Unrelated Tag cases.,0.227,0.227,1.0,227,,773,0.773,,-0.03200000000000003,-0.03200000000000003,,1000,1000,1000,"[0.7460212141343303, 0.7978893757325567]",0.22699999999999998,,0.773,,,1000,773,,1000,3000,3000,Strict accuracy and balanced accuracy count unresolved predictions as failures; valid-only metrics exclude them.,0,0.0,0,,,,1000,"[0.7460212141343303, 0.7978893757325567]",,1000,1.0,ABA,0.773,0.773
interactive.robust_0.8B.ABA,interactive,Round 2: Unrelated Tag,0.46,0.46,,-0.54,1.0,0.0,,False,460,1000,1.0,540,1.0,complete,Interactive ABA — 0.8B judge,0,True,1000,3000,,,0.54,,540,robust_0.8B,0,0.0,True,1.0,No,0,0.0,0,1.0,Negative values mean Similar Tag cases were harder than Unrelated Tag cases.,0.46,0.46,0.0,460,,540,,,-0.03200000000000003,-0.03200000000000003,0.46,1000,1000,1000,"[0.42932142688110647, 0.49098471379773795]",,0.54,,0.46,460,1000,,1000,,3000,3000,Strict accuracy and balanced accuracy count unresolved predictions as failures; valid-only metrics exclude them.,0,0.0,0,,,,1000,"[0.42932142688110647, 0.49098471379773795]",,1000,1.0,ABA,0.54,0.54
interactive.robust_0.8B.ABA,interactive,Round 3: Similar Tag,0.428,0.428,,-0.5720000000000001,1.0,0.0,,False,428,1000,1.0,572,1.0,complete,Interactive ABA — 0.8B judge,0,True,1000,3000,,,0.572,,572,robust_0.8B,0,0.0,True,1.0,No,0,0.0,0,1.0,Negative values mean Similar Tag cases were harder than Unrelated Tag cases.,0.428,0.428,0.0,428,,572,,,-0.03200000000000003,-0.03200000000000003,0.428,1000,1000,1000,"[0.3976662531744177, 0.4588848000475022]",,0.5720000000000001,,0.428,428,1000,,1000,,3000,3000,Strict accuracy and balanced accuracy count unresolved predictions as failures; valid-only metrics exclude them.,0,0.0,0,,,,1000,"[0.3976662531744177, 0.4588848000475022]",,1000,1.0,ABA,0.572,0.572
interactive.robust_0.8B.BAB,interactive,Round 1: True Tag,0.781,0.781,,0.781,0.0,1.0,,True,781,1000,1.0,219,1.0,complete,Interactive BAB — 0.8B judge,0,True,1000,3000,0.8770353733857383,0.219,,219,,robust_0.8B,0,0.0,True,1.0,Yes,0,0.0,0,0.0,Negative values mean Similar Tag cases were harder than Unrelated Tag cases.,0.219,0.219,1.0,219,,781,0.781,,-0.056999999999999995,-0.056999999999999995,,1000,1000,1000,"[0.7543184071059555, 0.8055309546251624]",0.21899999999999997,,0.781,,,1000,781,,1000,3000,3000,Strict accuracy and balanced accuracy count unresolved predictions as failures; valid-only metrics exclude them.,0,0.0,0,,,,1000,"[0.7543184071059555, 0.8055309546251624]",,1000,1.0,BAB,0.781,0.781
interactive.robust_0.8B.BAB,interactive,Round 2: Unrelated Tag,0.453,0.453,,-0.5469999999999999,1.0,0.0,,False,453,1000,1.0,547,1.0,complete,Interactive BAB — 0.8B judge,0,True,1000,3000,,,0.547,,547,robust_0.8B,0,0.0,True,1.0,No,0,0.0,0,1.0,Negative values mean Similar Tag cases were harder than Unrelated Tag cases.,0.453,0.453,0.0,453,,547,,,-0.056999999999999995,-0.056999999999999995,0.453,1000,1000,1000,"[0.42238588647477426, 0.483973828822868]",,0.5469999999999999,,0.453,453,1000,,1000,,3000,3000,Strict accuracy and balanced accuracy count unresolved predictions as failures; valid-only metrics exclude them.,0,0.0,0,,,,1000,"[0.42238588647477426, 0.483973828822868]",,1000,1.0,BAB,0.547,0.547
interactive.robust_0.8B.BAB,interactive,Round 3: Similar Tag,0.396,0.396,,-0.604,1.0,0.0,,False,396,1000,1.0,604,1.0,complete,Interactive BAB — 0.8B judge,0,True,1000,3000,,,0.604,,604,robust_0.8B,0,0.0,True,1.0,No,0,0.0,0,1.0,Negative values mean Similar Tag cases were harder than Unrelated Tag cases.,0.396,0.396,0.0,396,,604,,,-0.056999999999999995,-0.056999999999999995,0.396,1000,1000,1000,"[0.36614144983616576, 0.4266545159288297]",,0.604,,0.396,396,1000,,1000,,3000,3000,Strict accuracy and balanced accuracy count unresolved predictions as failures; valid-only metrics exclude them.,0,0.0,0,,,,1000,"[0.36614144983616576, 0.4266545159288297]",,1000,1.0,BAB,0.604,0.604
interactive.robust_0.8B.BAB_swapped_labels,interactive,Round 1: True Tag,0.797,0.797,,0.797,0.0,1.0,,True,797,1000,1.0,203,1.0,complete,Interactive BAB — displayed labels swapped,0,True,1000,3000,0.8870339454646633,0.203,,203,,swapped_labels,0,0.0,True,1.0,Yes,0,0.0,0,0.0,Negative values mean Similar Tag cases were harder than Unrelated Tag cases.,0.203,0.203,1.0,203,,797,0.797,,-0.056999999999999995,-0.056999999999999995,,1000,1000,1000,"[0.7709550842197117, 0.8207718212398687]",0.20299999999999996,,0.797,,,1000,797,,1000,3000,3000,Strict accuracy and balanced accuracy count unresolved predictions as failures; valid-only metrics exclude them.,0,0.0,0,,,,1000,"[0.7709550842197117, 0.8207718212398687]",,1000,1.0,BAB_swapped_labels,0.797,0.797
interactive.robust_0.8B.BAB_swapped_labels,interactive,Round 2: Unrelated Tag,0.449,0.449,,-0.5509999999999999,1.0,0.0,,False,449,1000,1.0,551,1.0,complete,Interactive BAB — displayed labels swapped,0,True,1000,3000,,,0.551,,551,swapped_labels,0,0.0,True,1.0,No,0,0.0,0,1.0,Negative values mean Similar Tag cases were harder than Unrelated Tag cases.,0.449,0.449,0.0,449,,551,,,-0.056999999999999995,-0.056999999999999995,0.449,1000,1000,1000,"[0.4184254667345993, 0.47996486263092736]",,0.5509999999999999,,0.449,449,1000,,1000,,3000,3000,Strict accuracy and balanced accuracy count unresolved predictions as failures; valid-only metrics exclude them.,0,0.0,0,,,,1000,"[0.4184254667345993, 0.47996486263092736]",,1000,1.0,BAB_swapped_labels,0.551,0.551
interactive.robust_0.8B.BAB_swapped_labels,interactive,Round 3: Similar Tag,0.392,0.392,,-0.608,1.0,0.0,,False,392,1000,1.0,608,1.0,complete,Interactive BAB — displayed labels swapped,0,True,1000,3000,,,0.608,,608,swapped_labels,0,0.0,True,1.0,No,0,0.0,0,1.0,Negative values mean Similar Tag cases were harder than Unrelated Tag cases.,0.392,0.392,0.0,392,,608,,,-0.056999999999999995,-0.056999999999999995,0.392,1000,1000,1000,"[0.3622102251883648, 0.42261635464451514]",,0.608,,0.392,392,1000,,1000,,3000,3000,Strict accuracy and balanced accuracy count unresolved predictions as failures; valid-only metrics exclude them.,0,0.0,0,,,,1000,"[0.3622102251883648, 0.42261635464451514]",,1000,1.0,BAB_swapped_labels,0.608,0.608
statement.legacy_0.8B,statement,Round 1: True Tag,0.047,0.3983050847457627,,0.047,0.0,1.0,,True,47,118,0.118,71,0.49,partial_or_invalid,Statement — legacy,0,False,1000,3000,0.5696969696969697,0.6016949152542372,,71,,legacy,0,0.0,False,1.0,Yes,0,0.0,1530,0.0,Negative values mean Similar Tag cases were harder than Unrelated Tag cases.,0.071,0.6016949152542372,1.0,71,882,47,0.3983050847457627,,,,,1000,470,,"[0.0355271051063845, 0.06193993808152845]",0.953,,0.047,,,1000,47,,1000,1470,1470,Strict accuracy and balanced accuracy count unresolved predictions as failures; valid-only metrics exclude them.,882,0.882,882,,882,882,118,"[0.314526855599215, 0.4884958574223093]",,118,0.118,independent_statements,0.047,0.3983050847457627
statement.legacy_0.8B,statement,Round 2: Unrelated Tag,0.24680851063829787,0.90625,,-0.7531914893617021,1.0,0.0,,False,116,128,0.2723404255319149,12,0.49,partial_or_invalid,Statement — legacy,0,False,1000,3000,,,0.09375,,12,legacy,0,0.0,False,1.0,No,0,0.0,1530,1.0,Negative values mean Similar Tag cases were harder than Unrelated Tag cases.,0.24680851063829787,0.90625,0.0,116,342,12,,,,,0.90625,1000,470,,"[0.20998613303587318, 0.28773616295667453]",,0.7531914893617021,,0.24680851063829787,116,470,,470,,1470,1470,Strict accuracy and balanced accuracy count unresolved predictions as failures; valid-only metrics exclude them.,342,0.7276595744680852,342,342,,342,128,"[0.8432700274269215, 0.945556195600853]",,128,0.2723404255319149,independent_statements,0.02553191489361702,0.09375
statement.legacy_0.8B,statement,Round 3: Similar Tag,,,,,,,,,0,0,,0,0.49,partial_or_invalid,Statement — legacy,0,False,1000,3000,,,,,,legacy,0,,False,,No,0,,1530,,Negative values mean Similar Tag cases were harder than Unrelated Tag cases.,,,,,,,,,,,,1000,470,,,,,,,,,,,,1470,1470,Strict accuracy and balanced accuracy count unresolved predictions as failures; valid-only metrics exclude them.,0,,0,,,,0,,,0,,independent_statements,,
statement.older_pydantic_0.8B,statement,Round 1: True Tag,0.594,0.6520307354555434,,0.594,0.0,1.0,,True,594,911,0.911,317,1.0,complete,Statement — older Pydantic,0,True,1000,3000,0.7893687707641196,0.34796926454445665,,317,,older_pydantic,0,0.0,True,1.0,Yes,0,0.0,0,0.0,Negative values mean Similar Tag cases were harder than Unrelated Tag cases.,0.317,0.34796926454445665,1.0,317,89,594,0.6520307354555434,,-0.10899999999999999,-0.1009513059631556,,1000,1000,1000,"[0.5632592745396628, 0.6240212948650526]",0.406,,0.594,,,1000,594,,1000,3000,3000,Strict accuracy and balanced accuracy count unresolved predictions as failures; valid-only metrics exclude them.,89,0.089,89,,89,89,911,"[0.6205198008318387, 0.6822649028227987]",,911,0.911,independent_statements,0.594,0.6520307354555434
statement.older_pydantic_0.8B,statement,Round 2: Unrelated Tag,0.877,0.8894523326572008,,-0.123,1.0,0.0,,False,877,986,0.986,109,1.0,complete,Statement — older Pydantic,0,True,1000,3000,,,0.1105476673427992,,109,older_pydantic,0,0.0,True,1.0,No,0,0.0,0,1.0,Negative values mean Similar Tag cases were harder than Unrelated Tag cases.,0.877,0.8894523326572008,0.0,877,14,109,,,-0.10899999999999999,-0.1009513059631556,0.8894523326572008,1000,1000,1000,"[0.8551887673529645, 0.8959258567489271]",,0.123,,0.877,877,1000,,1000,,3000,3000,Strict accuracy and balanced accuracy count unresolved predictions as failures; valid-only metrics exclude them.,14,0.014,14,14,,14,986,"[0.8683480706783608, 0.9075337568165209]",,986,0.986,independent_statements,0.109,0.1105476673427992
statement.older_pydantic_0.8B,statement,Round 3: Similar Tag,0.768,0.7885010266940452,,-0.23199999999999998,1.0,0.0,,False,768,974,0.974,206,1.0,complete,Statement — older Pydantic,0,True,1000,3000,,,0.21149897330595482,,206,older_pydantic,0,0.0,True,1.0,No,0,0.0,0,1.0,Negative values mean Similar Tag cases were harder than Unrelated Tag cases.,0.768,0.7885010266940452,0.0,768,26,206,,,-0.10899999999999999,-0.1009513059631556,0.7885010266940452,1000,1000,1000,"[0.7408422968503318, 0.7931065606014108]",,0.23199999999999998,,0.768,768,1000,,1000,,3000,3000,Strict accuracy and balanced accuracy count unresolved predictions as failures; valid-only metrics exclude them.,26,0.026,26,26,,26,974,"[0.7617467423052283, 0.8129885534121252]",,974,0.974,independent_statements,0.206,0.21149897330595482
statement.rejudge_2B,statement,Round 1: True Tag,0.561,0.561,,0.561,0.0,1.0,,True,561,1000,1.0,439,1.0,complete,Statement — rejudged by 2B,0,True,1000,3000,0.7187700192184499,0.439,,439,,rejudge_2B,0,0.0,True,1.0,Yes,0,0.0,0,0.0,Negative values mean Similar Tag cases were harder than Unrelated Tag cases.,0.439,0.439,1.0,439,,561,0.561,,-0.050000000000000044,-0.050000000000000044,,1000,1000,1000,"[0.5300663276081151, 0.5914668078566473]",0.43899999999999995,,0.561,,,1000,561,,1000,3000,3000,Strict accuracy and balanced accuracy count unresolved predictions as failures; valid-only metrics exclude them.,0,0.0,0,,,,1000,"[0.5300663276081151, 0.5914668078566473]",,1000,1.0,independent_statements,0.561,0.561
statement.rejudge_2B,statement,Round 2: Unrelated Tag,0.937,0.937,,-0.06299999999999994,1.0,0.0,,False,937,1000,1.0,63,1.0,complete,Statement — rejudged by 2B,0,True,1000,3000,,,0.063,,63,rejudge_2B,0,0.0,True,1.0,No,0,0.0,0,1.0,Negative values mean Similar Tag cases were harder than Unrelated Tag cases.,0.937,0.937,0.0,937,,63,,,-0.050000000000000044,-0.050000000000000044,0.937,1000,1000,1000,"[0.920205076295354, 0.9504503367882711]",,0.06299999999999994,,0.937,937,1000,,1000,,3000,3000,Strict accuracy and balanced accuracy count unresolved predictions as failures; valid-only metrics exclude them.,0,0.0,0,,,,1000,"[0.920205076295354, 0.9504503367882711]",,1000,1.0,independent_statements,0.063,0.063
statement.rejudge_2B,statement,Round 3: Similar Tag,0.887,0.887,,-0.11299999999999999,1.0,0.0,,False,887,1000,1.0,113,1.0,complete,Statement — rejudged by 2B,0,True,1000,3000,,,0.113,,113,rejudge_2B,0,0.0,True,1.0,No,0,0.0,0,1.0,Negative values mean Similar Tag cases were harder than Unrelated Tag cases.,0.887,0.887,0.0,887,,113,,,-0.050000000000000044,-0.050000000000000044,0.887,1000,1000,1000,"[0.8658784472486151, 0.9051596416835653]",,0.11299999999999999,,0.887,887,1000,,1000,,3000,3000,Strict accuracy and balanced accuracy count unresolved predictions as failures; valid-only metrics exclude them.,0,0.0,0,,,,1000,"[0.8658784472486151, 0.9051596416835653]",,1000,1.0,independent_statements,0.113,0.113
statement.robust_0.8B,statement,Round 1: True Tag,0.72,0.72,,0.72,0.0,1.0,,True,720,1000,1.0,280,1.0,complete,Statement — 0.8B judge,0,True,1000,3000,0.8372093023255813,0.28,,280,,robust_0.8B,0,0.0,True,1.0,Yes,0,0.0,0,0.0,Negative values mean Similar Tag cases were harder than Unrelated Tag cases.,0.28,0.28,1.0,280,,720,0.72,,-0.0040000000000000036,-0.0040000000000000036,,1000,1000,1000,"[0.6913699270789491, 0.7469462991874067]",0.28,,0.72,,,1000,720,,1000,3000,3000,Strict accuracy and balanced accuracy count unresolved predictions as failures; valid-only metrics exclude them.,0,0.0,0,,,,1000,"[0.6913699270789491, 0.7469462991874067]",,1000,1.0,independent_statements,0.72,0.72
statement.robust_0.8B,statement,Round 2: Unrelated Tag,0.627,0.627,,-0.373,1.0,0.0,,False,627,1000,1.0,373,1.0,complete,Statement — 0.8B judge,0,True,1000,3000,,,0.373,,373,robust_0.8B,0,0.0,True,1.0,No,0,0.0,0,1.0,Negative values mean Similar Tag cases were harder than Unrelated Tag cases.,0.627,0.627,0.0,627,,373,,,-0.0040000000000000036,-0.0040000000000000036,0.627,1000,1000,1000,"[0.5965940413088956, 0.6564339620357734]",,0.373,,0.627,627,1000,,1000,,3000,3000,Strict accuracy and balanced accuracy count unresolved predictions as failures; valid-only metrics exclude them.,0,0.0,0,,,,1000,"[0.5965940413088956, 0.6564339620357734]",,1000,1.0,independent_statements,0.373,0.373
statement.robust_0.8B,statement,Round 3: Similar Tag,0.623,0.623,,-0.377,1.0,0.0,,False,623,1000,1.0,377,1.0,complete,Statement — 0.8B judge,0,True,1000,3000,,,0.377,,377,robust_0.8B,0,0.0,True,1.0,No,0,0.0,0,1.0,Negative values mean Similar Tag cases were harder than Unrelated Tag cases.,0.623,0.623,0.0,623,,377,,,-0.0040000000000000036,-0.0040000000000000036,0.623,1000,1000,1000,"[0.5925457108141824, 0.6525129065983711]",,0.377,,0.623,623,1000,,1000,,3000,3000,Strict accuracy and balanced accuracy count unresolved predictions as failures; valid-only metrics exclude them.,0,0.0,0,,,,1000,"[0.5925457108141824, 0.6525129065983711]",,1000,1.0,independent_statements,0.377,0.377
